시설명,주소
"https://15774129.go.kr/BCUser/facilitypic/1626668281913.jpg","(재)낙원추모공원"
"https://15774129.go.kr/BCUser/facilitypic/1465463156970_2000000291_0.jpg","(재)실로암공원묘원"
"https://15774129.go.kr/BCUser/facilitypic/1740382733468.jpg","(재)삼덕공원묘원"
"https://15774129.go.kr/BCUser/facilitypic/1511918412588_2000000365_0.JPG","재단법인울산공원묘원"
"https://15774129.go.kr/BCUser/facilitypic/1465887381704_7000001317_0.jpg","진주내동공원묘원"
"https://15774129.go.kr/BCUser/facilitypic/1672455611809.jpg","신불산공원묘원"
"https://15774129.go.kr/BCUser/facilitypic/2000000329/1707206843211.PNG","예산군추모공원"
"https://15774129.go.kr/BCUser/facilitypic/2000000004/1707206941400.PNG","(재)대지공원묘원"
"https://15774129.go.kr/BCUser/facilitypic/7000001382/1707207072754.PNG","재단법인선산공원묘원"
"https://15774129.go.kr/BCUser/facilitypic/1476402783217_7000001330_0.JPG","재단법인 솥발산공원묘원"
"https://15774129.go.kr/BCUser/facilitypic/1606438470328.jpg","재단법인 로엠(묘지)"
"https://15774129.go.kr/BCUser/facilitypic/1465952222683_2000000012_0.jpg","(재)화산추모공원(묘지)"
"https://15774129.go.kr/BCUser/facilitypic/1651121060163.jpg","(재)서울공원묘원"
"https://15774129.go.kr/BCUser/facilitypic/2000000387/1707207618242.PNG","(재)이화공원묘원"
"https://15774129.go.kr/BCUser/facilitypic/2000000069/1707207198447.PNG","김해공원묘원"
"https://15774129.go.kr/BCUser/facilitypic/1683347694534.jpg","파주하늘나라공원"
"https://15774129.go.kr/BCUser/facilitypic/1707100955528.jpg","목련공원묘원"
"https://15774129.go.kr/BCUser/facilitypic/2000000003/1707207722707.PNG","(재)남양공원묘원"
"https://15774129.go.kr/BCUser/facilitypic/1599181529888_2000000179_0.jpg","보령시모란공원"
"https://15774129.go.kr/BCUser/facilitypic/2000000169/1707269257927.PNG","물미묘원"
"https://15774129.go.kr/BCUser/facilitypic/2000000458/1707207844911.PNG","천주교안성추모공원(묘원)"
"https://15774129.go.kr/BCUser/facilitypic/1349338731476_2000000255_0.JPG","함양하늘공원(묘지)"
"https://15774129.go.kr/BCUser/facilitypic/1736289625782.png","(재)하늘나라공원 포천묘원"
"https://15774129.go.kr/BCUser/facilitypic/1611635024625.jpg","금릉공원묘원"
"https://15774129.go.kr/BCUser/facilitypic/7000001365/1707208140201.PNG","(재)경춘공원묘원"
"https://15774129.go.kr/BCUser/facilitypic/1691278773647.JPG","우성공원묘원"
"https://15774129.go.kr/BCUser/facilitypic/2000000535/1707267842120.PNG","청파동성당 청파묘원"
"https://15774129.go.kr/BCUser/facilitypic/2000000013/1707267934296.PNG","(재)화신공원묘원"
"https://15774129.go.kr/BCUser/facilitypic/1465886300788_2000000502_0.jpg","(재)풍산공원묘원"
"https://15774129.go.kr/BCUser/facilitypic/2000000607/1707268603836.PNG","청파동성당 평화묘원"
"https://15774129.go.kr/BCUser/facilitypic/1595312223160_7000002396_0.jpg","(재)호정공원(묘지)"
"https://15774129.go.kr/BCUser/facilitypic/7000001452/1707266321926.PNG","(주)광림공원 동산공원묘원(묘지)"
"https://15774129.go.kr/BCUser/facilitypic/2000000135/1707268048305.PNG","(재)동산공원묘원"
"https://15774129.go.kr/BCUser/facilitypic/2000000219/1564538386453.jpg","삼척시추모공원 묘지 제1단지"
"https://15774129.go.kr/BCUser/facilitypic/2000000372/1707268237657.PNG","유달공원묘지"
"https://15774129.go.kr/BCUser/facilitypic/2000000002/1707268464992.PNG","(재)지평선전북공원묘원(묘지)"
"https://15774129.go.kr/BCUser/facilitypic/1606613018751.jpg","(재)진달래문화재단"
"https://15774129.go.kr/BCUser/facilitypic/1736137115131.jpg","(재)석계공원묘원"
"https://15774129.go.kr/BCUser/facilitypic/2000000323/1707268989689.PNG","영락공원묘원"
"https://15774129.go.kr/BCUser/facilitypic/1465371577534_2000000674_0.jpg","(재)자하연포천(묘지)"
"https://15774129.go.kr/BCUser/facilitypic/1465884219584_7000001348_0.jpg","별그리다(THE HILL)"
"https://15774129.go.kr/BCUser/facilitypic/2000000022/1707269055296.PNG","(재)경맥백합공원"
"https://15774129.go.kr/BCUser/facilitypic/2000000304/1707269428664.PNG","양양군공설묘원"
"https://15774129.go.kr/BCUser/facilitypic/1389080386554_2000000515_0.JPG","(재)한남공원묘원"
"https://15774129.go.kr/BCUser/facilitypic/2000000480/1707270663243.PNG","충주공원묘원"
"https://15774129.go.kr/BCUser/facilitypic/1465460126658_2000000110_0.jpg","대정공원묘원"
"https://15774129.go.kr/BCUser/facilitypic/1600048521824_2000000141_0.jpg","동화경모공원(묘지)"
"https://15774129.go.kr/BCUser/facilitypic/7000001067/1707269545412.PNG","천주교혜화동성당 포천묘원"
"https://15774129.go.kr/BCUser/facilitypic/1689752807985.JPG","영모묘원"
"https://15774129.go.kr/BCUser/facilitypic/2000000038/1707270561740.PNG","광주공원묘원"
"https://15774129.go.kr/BCUser/facilitypic/2000000487/1707271299153.PNG","칠량자연공원묘원"
"https://15774129.go.kr/BCUser/facilitypic/1465882705836_2000000353_0.jpg","(재)용인공원(묘지)"
"https://15774129.go.kr/BCUser/facilitypic/2000000005/1707271707496.PNG","(재)봉황공원묘지"
"https://15774129.go.kr/BCUser/facilitypic/2000000139/1564538978956.jpg","동해시하늘정원묘지"
"https://15774129.go.kr/BCUser/facilitypic/2000000010/1707270937834.PNG","(재)우성공원묘원"
"https://15774129.go.kr/BCUser/facilitypic/1488515339737_7000000349_0.jpg","함안군공설추모공원"
"https://15774129.go.kr/BCUser/facilitypic/1731914369494.jpg","(재)경주공원묘원"
"https://15774129.go.kr/BCUser/facilitypic/1547100194255_2000000084_0.jpg","남한강공원묘원"
"https://15774129.go.kr/BCUser/facilitypic/2000000029/1564539137441.png","고성군 공설묘원"
"https://15774129.go.kr/BCUser/facilitypic/2000000416/1707271896506.PNG","(재)조양공원"
"https://15774129.go.kr/BCUser/facilitypic/1691734731166.jpg","초동교회공원묘원"
"https://15774129.go.kr/BCUser/facilitypic/2000000491/1707272513909.PNG","태백공원묘원"
"https://15774129.go.kr/BCUser/facilitypic/2000000435/1707272268190.PNG","진천군공설묘지"
"https://15774129.go.kr/BCUser/facilitypic/1599816524567_7000001490_0.jpg","(재)광주구천주교공원묘원"
"https://15774129.go.kr/BCUser/facilitypic/7000001456/1707272023873.PNG","(재)개나리추모공원"
"https://15774129.go.kr/BCUser/facilitypic/7000001047/1707272147554.PNG","금호동성당 천보묘원(묘지)"
"https://15774129.go.kr/BCUser/facilitypic/7000001051/1707272405507.PNG","전농동성당 평화묘원"
"https://15774129.go.kr/BCUser/facilitypic/2000008451/1711523112511.PNG","(재)천주교평내공원묘원"
"https://15774129.go.kr/BCUser/facilitypic/1719479909519.jpg","재림공원묘원"
"https://15774129.go.kr/BCUser/facilitypic/1465957049538_2000000216_0.png","삼성개발공원묘원(묘지)"
"https://15774129.go.kr/BCUser/facilitypic/2000000286/1707282571102.PNG","(재)신세계공원묘원"
"https://15774129.go.kr/BCUser/facilitypic/2000000327/1483335295508.jpg","영종공설묘지(신규매장불가)"
"https://15774129.go.kr/BCUser/facilitypic/1673836485186.jpg","재단법인 춘천공원묘원"
"https://15774129.go.kr/BCUser/facilitypic/2000000457/1707281364391.PNG","신당동성당 소화묘원"
"https://15774129.go.kr/BCUser/facilitypic/1543813388311_2000000514_0.jpg","(재)학명묘원"
"https://15774129.go.kr/BCUser/facilitypic/1720085470674.jpg","창원공원묘원(묘지)"
"https://15774129.go.kr/BCUser/facilitypic/2000000173/1707281153134.PNG","백란공원묘원"
"https://15774129.go.kr/BCUser/facilitypic/2000000301/1707272763729.PNG","애향묘지"
"https://15774129.go.kr/BCUser/facilitypic/1697075198177.jpg","평창군 공설묘지"
"https://15774129.go.kr/BCUser/facilitypic/2000000321/1707282783697.PNG","영동공원묘원"
"https://15774129.go.kr/BCUser/facilitypic/2000000314/1705624362143.png","세종시공설묘지"
"https://15774129.go.kr/BCUser/facilitypic/1465867829184_2000000312_0.jpg","여수시공설묘지공원"
"https://15774129.go.kr/BCUser/facilitypic/2000000014/1707283423152.PNG","매화공원묘지"
"https://15774129.go.kr/BCUser/facilitypic/2000000058/1707368664536.PNG","김해하늘공원(묘지)"
"https://15774129.go.kr/BCUser/facilitypic/2000000336/1564538165651.jpg","오창장미공원"
"https://15774129.go.kr/BCUser/facilitypic/1465882206224_2000000482_0.jpg","충현동산"
"https://15774129.go.kr/BCUser/facilitypic/2000000447/1707282708822.PNG","(재)천주교세종로묘원"
"https://15774129.go.kr/BCUser/facilitypic/1475651318277_2000000231_0.jpg","서라벌공원묘원"
"https://15774129.go.kr/BCUser/facilitypic/1621751487220.jpg","대전추모공원 가족묘원"
"https://15774129.go.kr/BCUser/facilitypic/2000008436/1707282996907.PNG","정선하늘공원"
"https://15774129.go.kr/BCUser/facilitypic/7000001045/1766129765309.jpg","광릉추모공원 매장"
"https://15774129.go.kr/BCUser/facilitypic/7000001571/1707283848007.PNG","(재)안동추모공원(묘지)"
"https://15774129.go.kr/BCUser/facilitypic/700002374/1707284061670.PNG","청량리성당 다볼산묘원"
"https://15774129.go.kr/BCUser/facilitypic/1465953265491_2000000518_0.jpg","현대공원1묘원"
"https://15774129.go.kr/BCUser/facilitypic/2000000446/1707283712105.PNG","천자봉공원묘원"
"https://15774129.go.kr/BCUser/facilitypic/1465953399403_2000000519_0.jpg","현대공원2묘원"
"https://15774129.go.kr/BCUser/facilitypic/2000000521/1707283982462.PNG","홍천군공설묘원"
"https://15774129.go.kr/BCUser/facilitypic/1522203841992_2000000530_0.JPG","전주효자공원"
"https://15774129.go.kr/BCUser/facilitypic/2000000453/1707283616268.PNG","천주교효천공원묘지"
"https://15774129.go.kr/BCUser/facilitypic/2000000463/1707284153909.PNG","(재)청구공원"
"https://15774129.go.kr/BCUser/facilitypic/1465956447789_2000000328_0.jpg","예래원(묘지)"
"https://15774129.go.kr/BCUser/facilitypic/2000000248/1711523960556.PNG","선재리공설묘지"
"https://15774129.go.kr/BCUser/facilitypic/1465454117899_2000000494_0.jpg","(재)자하연분당(묘지)"
"https://15774129.go.kr/BCUser/facilitypic/2000000434/1707289345290.PNG","진리공설묘지"
"https://15774129.go.kr/BCUser/facilitypic/1465284242589_2000000477_0.jpg","춘천안식공원(묘지)"
"https://15774129.go.kr/BCUser/facilitypic/2000000395/1707289431687.PNG","자월리공설묘지"
"https://15774129.go.kr/BCUser/facilitypic/2000000464/1707286581451.PNG","청북공설묘지"
"https://15774129.go.kr/BCUser/facilitypic/1325037239799_2000000465_0.JPG","청솔공원"
"https://15774129.go.kr/BCUser/facilitypic/2000000297/1707286448563.PNG","안중공설묘지"
"https://15774129.go.kr/BCUser/facilitypic/2000000443/1711523680695.PNG","처리공원묘지"
"https://15774129.go.kr/BCUser/facilitypic/2000000508/1707354296728.PNG","하다리공설공원묘지"
"https://15774129.go.kr/BCUser/facilitypic/2000000313/1707354199420.PNG","(재)광주대교구 여수천주교공원묘원"
"https://15774129.go.kr/BCUser/facilitypic/1610609106585.jpeg","청양군추모공원(묘지)"
"https://15774129.go.kr/BCUser/facilitypic/2000000155/1707289508254.PNG","모도리공설묘지"
"https://15774129.go.kr/BCUser/facilitypic/2000000355/1711435282051.PNG","(재)예다원 묘원"
"https://15774129.go.kr/BCUser/facilitypic/2000000277/1707288153654.PNG","신도리공설묘지"
"https://15774129.go.kr/BCUser/facilitypic/2000000398/1711523220257.PNG","장봉리공설묘지"
"https://15774129.go.kr/BCUser/facilitypic/2000000267/1707286251656.PNG","송탄공설묘지"
"https://15774129.go.kr/BCUser/facilitypic/1454639682956_2000000071_0.jpg","와동꽃빛공원(공설묘지)"
"https://15774129.go.kr/BCUser/facilitypic/2000000385/1707289760726.PNG","이천시설성공설공원묘지"
"https://15774129.go.kr/BCUser/facilitypic/2000000379/1707286059620.PNG","이작리공설묘지"
"https://15774129.go.kr/BCUser/facilitypic/2000000341/1707292143916.PNG","완주군 공설공원묘지"
"https://15774129.go.kr/BCUser/facilitypic/2000000332/1711435233157.PNG","오산시공설공원묘지"
"https://15774129.go.kr/BCUser/facilitypic/2000000483/1707354395793.PNG","충효공원묘원"
"https://15774129.go.kr/BCUser/facilitypic/2000000383/1707288071148.PNG","이천시대월공설공원묘지(만장)"
"https://15774129.go.kr/BCUser/facilitypic/2000000384/1707289591025.PNG","이천시백사공설공원묘지"
"https://15774129.go.kr/BCUser/facilitypic/2000000529/1707287375030.PNG","횡성군공설추모공원(묘지)"
"https://15774129.go.kr/BCUser/facilitypic/2000000080/1707287279658.PNG","수동공설묘지(만장)"
"https://15774129.go.kr/BCUser/facilitypic/2000000107/1707354525147.PNG","재단법인 아너스홈(구 대성공원묘원)"
"https://15774129.go.kr/BCUser/facilitypic/2000000079/1707287937693.PNG","화도공설묘지(만장)"
"https://15774129.go.kr/BCUser/facilitypic/2000000408/1707288849167.PNG","점봉동 공원묘지"
"https://15774129.go.kr/BCUser/facilitypic/2000000479/1564537925224.jpg","충주시공설묘지"
"https://15774129.go.kr/BCUser/facilitypic/2000000115/1711523558621.PNG","대청리공설묘지"
"https://15774129.go.kr/BCUser/facilitypic/2000000489/1707286359036.PNG","가톨릭군위묘원"
"https://15774129.go.kr/BCUser/facilitypic/2000000436/1711523169530.PNG","진촌리공설묘지"
"https://15774129.go.kr/BCUser/facilitypic/2000000325/1707284518439.PNG","(재)영락교회공원묘원"
"https://15774129.go.kr/BCUser/facilitypic/2000000386/1711523609858.PNG","이천시장호원공설공원묘지(만장)"
"https://15774129.go.kr/BCUser/facilitypic/1600057044792_2000000389_0.jpg","인제종합장묘센터 하늘공원"
"https://15774129.go.kr/BCUser/facilitypic/2000000088/1707284595970.PNG","내리공설묘지"
"https://15774129.go.kr/BCUser/facilitypic/2000000033/1707287497938.PNG","대구시립공원묘지"
"https://15774129.go.kr/BCUser/facilitypic/7000000731/1707353812445.PNG","현수리공원묘지"
"https://15774129.go.kr/BCUser/facilitypic/2000008453/1711523260996.PNG","연평리공설묘지"
"https://15774129.go.kr/BCUser/facilitypic/1608429135665.jpg","강릉공원묘원(묘지)"
"https://15774129.go.kr/BCUser/facilitypic/2000000771/1711435488171.PNG","남부권공설묘지"
"https://15774129.go.kr/BCUser/facilitypic/1465458424407_2000000756_0.jpg","(재)자하연팔당(묘지)"
"https://15774129.go.kr/BCUser/facilitypic/7000002019/1707368489534.PNG","중림동성당묘원"
"https://15774129.go.kr/BCUser/facilitypic/7000001644/1707181831161.PNG","은광교회 묘지"
"https://15774129.go.kr/BCUser/facilitypic/7000001633/1707294598633.PNG","양우회"
"https://15774129.go.kr/BCUser/facilitypic/7000001606/1707368577626.PNG","인천호남향우회"
"https://15774129.go.kr/BCUser/facilitypic/2000000252/1707294430910.PNG","성서공동묘지"
"https://15774129.go.kr/BCUser/facilitypic/2000000263/1707368874784.PNG","솔뫼공설묘지"
"https://15774129.go.kr/BCUser/facilitypic/2000000241/1707354019670.PNG","석문공설묘지"
"https://15774129.go.kr/BCUser/facilitypic/1465881014806_2000000450_0.jpg","천주교용인공원묘원"
"https://15774129.go.kr/BCUser/facilitypic/1465454777431_2000000046_0.jpg","(재)자하연 일산(묘지)"
"https://15774129.go.kr/BCUser/facilitypic/2000000117/1707294359861.PNG","대호지공설묘지"
"https://15774129.go.kr/BCUser/facilitypic/2000000324/1707368992574.PNG","영락공원묘지"
"https://15774129.go.kr/BCUser/facilitypic/2000000085/1707357911783.PNG","남해추모누리 공설종합묘원"
"https://15774129.go.kr/BCUser/facilitypic/2000000517/1707294512645.PNG","해방교회공원묘원"
"https://15774129.go.kr/BCUser/facilitypic/2000000132/1707358035813.PNG","동명가족묘지"
"https://15774129.go.kr/BCUser/facilitypic/2000000133/1711435377730.PNG","동명공동묘지"
"https://15774129.go.kr/BCUser/facilitypic/1465889238641_2000000074_0.jpg","낙원공원묘원"
"https://15774129.go.kr/BCUser/facilitypic/2000000070/1707353942134.PNG","꽃동네 낙원묘지"
"https://15774129.go.kr/BCUser/facilitypic/2000000308/1707357983402.PNG","양평군공설공원묘지"
"https://15774129.go.kr/BCUser/facilitypic/2000000412/1707354090540.PNG","정주동산"
"https://15774129.go.kr/BCUser/facilitypic/2000000368/1707804801149.PNG","(재)원주공원묘원"
"https://15774129.go.kr/BCUser/facilitypic/2000000369/1707804458333.PNG","월곳리공설묘지"
"https://15774129.go.kr/BCUser/facilitypic/2000000366/1707804991571.PNG","웅양공설공원묘지"
"https://15774129.go.kr/BCUser/facilitypic/1465867110945_2000000362_0.jpg","운경공원묘원"
"https://15774129.go.kr/BCUser/facilitypic/2000000370/1711947867423.PNG","월롱면 공설묘지"
"https://15774129.go.kr/BCUser/facilitypic/1465892716151_2000000352_0.jpg","용미리제2묘지"
"https://15774129.go.kr/BCUser/facilitypic/2000000371/1707804149298.PNG","월평공설공원묘지"
"https://15774129.go.kr/BCUser/facilitypic/2000000373/1707356928038.PNG","유치공설공원묘지"
"https://15774129.go.kr/BCUser/facilitypic/2000000374/1711950408874.PNG","의령군공설묘지"
"https://15774129.go.kr/BCUser/facilitypic/2000000375/1711932553957.PNG","낙원공원 의정부묘원"
"https://15774129.go.kr/BCUser/facilitypic/1465885841693_2000000275_0.jpg","(재)시안 가족추모공원(매장묘)"
"https://15774129.go.kr/BCUser/facilitypic/2000000409/1707358619281.PNG","정왕공설묘지"
"https://15774129.go.kr/BCUser/facilitypic/2000000388/1711950195410.PNG","인산리공설묘지"
"https://15774129.go.kr/BCUser/facilitypic/1464156568177_2000000390_0.jpg","인천가족공원 묘지"
"https://15774129.go.kr/BCUser/facilitypic/2000000407/1711436644291.PNG","전곡읍공설묘지"
"https://15774129.go.kr/BCUser/facilitypic/2000000271/1707804882204.PNG","순천시립공원묘지"
"https://15774129.go.kr/BCUser/facilitypic/2000000404/1707804309962.PNG","장흥리공설묘지"
"https://15774129.go.kr/BCUser/facilitypic/2000000396/1711524942702.PNG","장계공설묘지"
"https://15774129.go.kr/BCUser/facilitypic/2000000270/1711524472273.PNG","수산동공설묘지(매장불가)"
"https://15774129.go.kr/BCUser/facilitypic/2000000268/1707785037733.PNG","황산병온공설묘지"
"https://15774129.go.kr/BCUser/facilitypic/2000000399/1711948193385.PNG","장수동공설묘지(매장불가)"
"https://15774129.go.kr/BCUser/facilitypic/2000000401/1711949940289.PNG","장정리공설묘지"
"https://15774129.go.kr/BCUser/facilitypic/2000000402/1711949864455.PNG","장화리공설묘지"
"https://15774129.go.kr/BCUser/facilitypic/2000000280/1711949772276.PNG","신림덕화공설묘지"
"https://15774129.go.kr/BCUser/facilitypic/1465892646981_2000000351_0.jpg","용미리제1묘지"
"https://15774129.go.kr/BCUser/facilitypic/2000000307/1711951363554.PNG","양택공원묘지(봉안묘)"
"https://15774129.go.kr/BCUser/facilitypic/2000000303/1707355456017.PNG","양구군공설묘지"
"https://15774129.go.kr/BCUser/facilitypic/1465948674485_2000000430_0.jpg","진달래공원묘원"
"https://15774129.go.kr/BCUser/facilitypic/2000000404/1707804309962.PNG","장흥리공설묘지"
"https://15774129.go.kr/BCUser/facilitypic/2000000396/1711524942702.PNG","장계공설묘지"
"https://15774129.go.kr/BCUser/facilitypic/2000000316/1711952482721.PNG","화산연정공설묘지"
"https://15774129.go.kr/BCUser/facilitypic/2000000317/1711951020788.PNG","연천읍공설묘지"
"https://15774129.go.kr/BCUser/facilitypic/2000000320/1707804042312.PNG","삼계공설묘지"
"https://15774129.go.kr/BCUser/facilitypic/1465462619738_2000000322_0.jpg","부산영락공원묘지"
"https://15774129.go.kr/BCUser/facilitypic/2000000292/1711524289566.PNG","아산주진공설묘지"
"https://15774129.go.kr/BCUser/facilitypic/2000000422/1707799151038.PNG","죽변화성리공설묘지"
"https://15774129.go.kr/BCUser/facilitypic/2000000419/1711932640275.PNG","주문공설묘지"
"https://15774129.go.kr/BCUser/facilitypic/2000000288/1711524078188.PNG","신월공설묘지(만장)"
"https://15774129.go.kr/BCUser/facilitypic/1600148600499_2000000331_0.jpg","오룡군립묘원(묘지)"
"https://15774129.go.kr/BCUser/facilitypic/2000000287/1707804735129.PNG","해남신안공설묘지"
"https://15774129.go.kr/BCUser/facilitypic/2000000333/1711951092557.PNG","오상리공설묘지"
"https://15774129.go.kr/BCUser/facilitypic/2000000337/1711523832927.PNG","구미시옥계공설묘지(만장)"
"https://15774129.go.kr/BCUser/facilitypic/2000000338/1711948846726.PNG","옥천군공설묘지"
"https://15774129.go.kr/BCUser/facilitypic/2000000284/1711523880318.PNG","신서면공설묘지"
"https://15774129.go.kr/BCUser/facilitypic/2000000339/1707788432804.PNG","온수리공설묘지"
"https://15774129.go.kr/BCUser/facilitypic/2000000343/1711944577933.PNG","왕길공설묘지(만장)"
"https://15774129.go.kr/BCUser/facilitypic/2000000305/1707290201139.PNG","양오리공설묘지"
"https://15774129.go.kr/BCUser/facilitypic/2000000347/1707357602591.PNG","외포리공설묘지"
"https://15774129.go.kr/BCUser/facilitypic/2000000283/1707290277058.PNG","상주시공설묘지(만장)"
"https://15774129.go.kr/BCUser/facilitypic/2000000344/1707357475553.PNG","왕길조성묘지"
"https://15774129.go.kr/BCUser/facilitypic/2000000266/1707357150709.PNG","송전공설묘지"
"https://15774129.go.kr/BCUser/facilitypic/2000000452/1707798960017.PNG","천주교부산교구 하늘공원"
"https://15774129.go.kr/BCUser/facilitypic/2000000050/1711949087421.PNG","군산시공설묘지"
"https://15774129.go.kr/BCUser/facilitypic/2000000555/1711936848563.PNG","광석리공설묘지"
"https://15774129.go.kr/BCUser/facilitypic/2000000052/1707807329704.PNG","금광공설묘지"
"https://15774129.go.kr/BCUser/facilitypic/2000000554/1711947298247.PNG","가납리공설묘지"
"https://15774129.go.kr/BCUser/facilitypic/2000000055/1711523788163.PNG","재단법인금산공원묘원"
"https://15774129.go.kr/BCUser/facilitypic/2000000553/1711524852335.PNG","구암리공설묘지"
"https://15774129.go.kr/BCUser/facilitypic/2000000552/1711947399421.PNG","신암리공설묘지"
"https://15774129.go.kr/BCUser/facilitypic/2000000551/1711937773113.PNG","신산리공설묘지"
"https://15774129.go.kr/BCUser/facilitypic/2000000550/1707789450484.PNG","황방리공설묘지"
"https://15774129.go.kr/BCUser/facilitypic/2000000549/1707789232042.PNG","한산리공설묘지"
"https://15774129.go.kr/BCUser/facilitypic/2000000067/1707807219214.PNG","김포공원법인묘지(대곶)"
"https://15774129.go.kr/BCUser/facilitypic/2000000068/1707357065952.PNG","김포공원법인묘지(풍무)"
"https://15774129.go.kr/BCUser/facilitypic/2000000548/1711938324702.PNG","입암리공설묘지"
"https://15774129.go.kr/BCUser/facilitypic/2000000547/1711524906810.PNG","상수리공설묘지"
"https://15774129.go.kr/BCUser/facilitypic/2000000078/1707359102534.PNG","남상공설공원묘지"
"https://15774129.go.kr/BCUser/facilitypic/2000000545/1711524658171.PNG","두곡리공설묘지"
"https://15774129.go.kr/BCUser/facilitypic/2000000544/1707290434561.PNG","도하리공설묘지"
"https://15774129.go.kr/BCUser/facilitypic/2000000543/1711952817077.PNG","하패리공설묘지"
"https://15774129.go.kr/BCUser/facilitypic/2000000542/1711952909458.PNG","선암리공설묘지"
"https://15774129.go.kr/BCUser/facilitypic/2000000541/1711952261654.PNG","용암리공설묘지"
"https://15774129.go.kr/BCUser/facilitypic/2000000539/1711951938986.PNG","복지리 공설묘지"
"https://15774129.go.kr/BCUser/facilitypic/2000000536/1711949425882.PNG","방성리공설묘지"
"https://15774129.go.kr/BCUser/facilitypic/2000000100/1707784960312.PNG","답곡리 공설묘지"
"https://15774129.go.kr/BCUser/facilitypic/2000000049/1711524016402.PNG","군남면공설묘지"
"https://15774129.go.kr/BCUser/facilitypic/2000000556/1707788726154.PNG","우고리공설묘지"
"https://15774129.go.kr/BCUser/facilitypic/1465893700490_2000000605_0.jpg","종로성당 나자렛묘원"
"https://15774129.go.kr/BCUser/facilitypic/2000000568/1711951806633.PNG","회정동공설묘지"
"https://15774129.go.kr/BCUser/facilitypic/2000000008/1711526881560.PNG","(재)안양공원묘원"
"https://15774129.go.kr/BCUser/facilitypic/2000000567/1711933062021.PNG","봉양동공설묘지"
"https://15774129.go.kr/BCUser/facilitypic/2000000015/1711953900250.PNG","가북공설공원묘지"
"https://15774129.go.kr/BCUser/facilitypic/2000000016/1707804669315.PNG","가조공설공원묘지"
"https://15774129.go.kr/BCUser/facilitypic/2000000565/1711526583877.PNG","광사동공설묘지"
"https://15774129.go.kr/BCUser/facilitypic/2000000564/1707785648565.PNG","마전동공설묘지"
"https://15774129.go.kr/BCUser/facilitypic/1600230166887_2000000019_0.jpg","갑향군립묘원(묘지)"
"https://15774129.go.kr/BCUser/facilitypic/2000000021/1711949671372.PNG","거창공설공원묘지"
"https://15774129.go.kr/BCUser/facilitypic/2000000563/1711933168047.PNG","어둔동공설묘지"
"https://15774129.go.kr/BCUser/facilitypic/2000000562/1711525388837.PNG","유양동공설묘지"
"https://15774129.go.kr/BCUser/facilitypic/2000000026/1711524155683.PNG","고려공원법인묘지"
"https://15774129.go.kr/BCUser/facilitypic/2000000028/1711524118448.PNG","장기공설공원묘원"
"https://15774129.go.kr/BCUser/facilitypic/2000000030/1711524575114.PNG","고제공설공원묘지"
"https://15774129.go.kr/BCUser/facilitypic/2000000561/1711933225942.PNG","삼하리공설묘지"
"https://15774129.go.kr/BCUser/facilitypic/2000000560/1707786021659.PNG","삼상리공설묘지"
"https://15774129.go.kr/BCUser/facilitypic/2000000034/1707364474476.PNG","관인면 제1공설묘지"
"https://15774129.go.kr/BCUser/facilitypic/2000000039/1711949190548.PNG","교산1리공설묘지"
"https://15774129.go.kr/BCUser/facilitypic/2000000559/1711953242769.PNG","비암리공설묘지"
"https://15774129.go.kr/BCUser/facilitypic/2000000558/1711524805718.PNG","석우리공설묘지"
"https://15774129.go.kr/BCUser/facilitypic/2000000044/1711440402691.PNG","구리시공설묘지"
"https://15774129.go.kr/BCUser/facilitypic/2000000557/1711951740356.PNG","덕도리공설묘지"
"https://15774129.go.kr/BCUser/facilitypic/2000000102/1711524244050.PNG","대곡공설묘지(만장)"
"https://15774129.go.kr/BCUser/facilitypic/1474956264994_2000000105_0.jpg","(재)대명공원묘원"
"https://15774129.go.kr/BCUser/facilitypic/2000000498/1711524363575.PNG","포내공설묘지"
"https://15774129.go.kr/BCUser/facilitypic/1465460874162_2000000175_0.jpg","백운공원묘원 제1묘원"
"https://15774129.go.kr/BCUser/facilitypic/1465461728414_2000000176_0.jpg","백운공원묘원 제2묘원"
"https://15774129.go.kr/BCUser/facilitypic/2000000177/1711948293181.PNG","가톨릭 범물공원묘원"
"https://15774129.go.kr/BCUser/facilitypic/2000000496/1707356543295.PNG","익산하늘공원묘지"
"https://15774129.go.kr/BCUser/facilitypic/2000000492/1711525718344.PNG","통일촌 공설묘지"
"https://15774129.go.kr/BCUser/facilitypic/2000000490/1711525577043.PNG","탄현면 공설묘지"
"https://15774129.go.kr/BCUser/facilitypic/2000000190/1707291504153.PNG","부안수동공설묘지"
"https://15774129.go.kr/BCUser/facilitypic/2000000191/1711951299002.PNG","부안용산공설묘지"
"https://15774129.go.kr/BCUser/facilitypic/2000000196/1707806626280.PNG","북상공설공원묘지"
"https://15774129.go.kr/BCUser/facilitypic/2000000198/1711951549156.PNG","북양공설공원묘지"
"https://15774129.go.kr/BCUser/facilitypic/2000000204/1707357360408.PNG","안성시공설공원묘지(사곡동)"
"https://15774129.go.kr/BCUser/facilitypic/2000000206/1711948035597.PNG","사천시공설묘지"
"https://15774129.go.kr/BCUser/facilitypic/2000000221/1711947649571.PNG","상리공설묘지"
"https://15774129.go.kr/BCUser/facilitypic/2000000475/1707359291961.PNG","초원지공설묘지"
"https://15774129.go.kr/BCUser/facilitypic/2000000224/1707803611007.PNG","상신공원묘지"
"https://15774129.go.kr/BCUser/facilitypic/1630898132910.jpg","청주시목련공원묘지"
"https://15774129.go.kr/BCUser/facilitypic/2000000243/1711953441347.PNG","선단동공설묘지"
"https://15774129.go.kr/BCUser/facilitypic/2000000456/1707799472761.PNG","천주교성환공원묘지"
"https://15774129.go.kr/BCUser/facilitypic/2000000253/1707804529401.PNG","성석동공설묘지(만장)"
"https://15774129.go.kr/BCUser/facilitypic/2000000254/1707290127475.PNG","성주군공설묘지"
"https://15774129.go.kr/BCUser/facilitypic/2000000170/1711526524510.PNG","미법리공설묘지"
"https://15774129.go.kr/BCUser/facilitypic/2000000164/1707789142006.PNG","문형공설묘지(만장)"
"https://15774129.go.kr/BCUser/facilitypic/2000000108/1705624691393.PNG","대전공원묘원"
"https://15774129.go.kr/BCUser/facilitypic/2000000526/1711523713553.PNG","화현면공설묘지"
"https://15774129.go.kr/BCUser/facilitypic/2000000525/1707786590632.PNG","화천공원묘원"
"https://15774129.go.kr/BCUser/facilitypic/2000000522/1707359369561.PNG","화교화원"
"https://15774129.go.kr/BCUser/facilitypic/2000000121/1711953988590.PNG","영암군덕진공설묘지"
"https://15774129.go.kr/BCUser/facilitypic/2000000122/1711526484078.PNG","덕포리공설묘지"
"https://15774129.go.kr/BCUser/facilitypic/2000000125/1711524207801.PNG","도림동공설묘지(매장불가)"
"https://15774129.go.kr/BCUser/facilitypic/2000000136/1711949026558.PNG","동산리공설묘지"
"https://15774129.go.kr/BCUser/facilitypic/1599628403599_2000000137_0.jpg","(재)평화공원"
"https://15774129.go.kr/BCUser/facilitypic/2000000513/1711525453248.PNG","하일리공설묘지"
"https://15774129.go.kr/BCUser/facilitypic/2000000403/1707797403106.PNG","장흥공설공원묘지"
"https://15774129.go.kr/BCUser/facilitypic/1465954734356_2000000160_0.gif","무궁화공원묘원"
"https://15774129.go.kr/BCUser/facilitypic/2000000149/1707806725626.PNG","망월묘지공원"
"https://15774129.go.kr/BCUser/facilitypic/2000000505/1707807024728.PNG","하늘공원(부곡동공설공원묘지)"
"https://15774129.go.kr/BCUser/facilitypic/2000000156/1707806155571.PNG","모란공원(묘지)"
"https://15774129.go.kr/BCUser/facilitypic/7000001104/1711949337141.PNG","소흘읍제3공설묘지"
"https://15774129.go.kr/BCUser/facilitypic/7000001103/1711951437153.PNG","소흘읍제2공설묘지"
"https://15774129.go.kr/BCUser/facilitypic/7000002071/1711951884117.PNG","천부교추모공원"
"https://15774129.go.kr/BCUser/facilitypic/7000000974/1711951228181.PNG","내촌면 제2공설묘지"
"https://15774129.go.kr/BCUser/facilitypic/7000000909/1707356267078.PNG","일동면 공설묘지"
"https://15774129.go.kr/BCUser/facilitypic/7000001494/1707358472093.PNG","내유동공설묘지(만장)"
"https://15774129.go.kr/BCUser/facilitypic/7000001292/1707290013881.PNG","천주교 대구대교구청 성직자묘지"
"https://15774129.go.kr/BCUser/facilitypic/2000000670/1711952429077.PNG","신북면 제3공설묘지"
"https://15774129.go.kr/BCUser/facilitypic/1465954734356_2000000160_0.gif","무궁화공원묘원"
"https://15774129.go.kr/BCUser/facilitypic/2000000149/1707806725626.PNG","망월묘지공원"
"https://15774129.go.kr/BCUser/facilitypic/2000008376/1711525321741.PNG","영중면 제1공설묘지"
"https://15774129.go.kr/BCUser/facilitypic/2000008375/1711944506980.PNG","내촌면 제4공설묘지"
"https://15774129.go.kr/BCUser/facilitypic/2000008374/1711934492866.PNG","내촌면 제3공설묘지"
"https://15774129.go.kr/BCUser/facilitypic/2000008372/1711934636440.PNG","군내면 제2공설묘지"
"https://15774129.go.kr/BCUser/facilitypic/2000008371/1707789879538.PNG","군내면 제1공설묘지"
"https://15774129.go.kr/BCUser/facilitypic/2000000769/1707787048698.PNG","내리공설묘지(화도면)"
"https://15774129.go.kr/BCUser/facilitypic/2000000673/1711952355659.PNG","신북면 제6공설묘지"
"https://15774129.go.kr/BCUser/facilitypic/2000000672/1711951654587.PNG","신북면 제5공설묘지"
"https://15774129.go.kr/BCUser/facilitypic/2000000671/1711952027401.PNG","신북면 제4공설묘지"
"https://15774129.go.kr/BCUser/facilitypic/2000000669/1711953781749.PNG","신북면 제2공설묘지"
"https://15774129.go.kr/BCUser/facilitypic/2000008378/1711525164180.PNG","영북면 제1공설묘지"
"https://15774129.go.kr/BCUser/facilitypic/2000008377/1711525214206.PNG","영중면 제2공설묘지"
"https://15774129.go.kr/BCUser/facilitypic/2000008376/1711525321741.PNG","영중면 제1공설묘지"
"https://15774129.go.kr/BCUser/facilitypic/2000008379/1711525280102.PNG","영북면 제2공설묘지"
"https://15774129.go.kr/BCUser/facilitypic/2000008380/1707291612928.PNG","관인면 제2공설묘지"
"https://15774129.go.kr/BCUser/facilitypic/2000008384/1711933459722.PNG","가산면 제4공설묘지"
"https://15774129.go.kr/BCUser/facilitypic/2000008429/1707358304986.PNG","운연동공설묘지(매장불가)"
"https://15774129.go.kr/BCUser/facilitypic/2000008383/1711933314323.PNG","가산면 제3공설묘지"
"https://15774129.go.kr/BCUser/facilitypic/2000008382/1711933381947.PNG","가산면 제2공설묘지"
"https://15774129.go.kr/BCUser/facilitypic/2000008381/1707786871131.PNG","가산면 제1공설묘지"
"https://15774129.go.kr/BCUser/facilitypic/7000000865/1711431606668.PNG","이동공설묘지(만장)"
"https://15774129.go.kr/BCUser/facilitypic/7000000864/1711956743257.PNG","학의동공설묘지(만장)"
"https://15774129.go.kr/BCUser/facilitypic/2000000656/1707356200651.PNG","창수면 제3공설묘지"
"https://15774129.go.kr/BCUser/facilitypic/2000000655/1711524720128.PNG","창수면 제2공설묘지"
"https://15774129.go.kr/BCUser/facilitypic/7000001492/1711419863314.PNG","천주교 양산동묘원"
"https://15774129.go.kr/BCUser/facilitypic/2000000501/1707367382033.PNG","표선면공설묘지"
"https://15774129.go.kr/BCUser/facilitypic/2000000506/1707367194303.PNG","하늘의문(마전동)"
"https://15774129.go.kr/BCUser/facilitypic/1601354278158_2000000462_0.jpg","안양시청계공설묘지(만장)"
"https://15774129.go.kr/BCUser/facilitypic/2000000410/1711954943818.PNG","정읍시입암묘지공원"
"https://15774129.go.kr/BCUser/facilitypic/2000000472/1711957092382.PNG","청평면공설묘지"
"https://15774129.go.kr/BCUser/facilitypic/2000000442/1711954826595.PNG","창리공설묘지"
"https://15774129.go.kr/BCUser/facilitypic/2000000417/1707367978598.PNG","조천읍공설묘지"
"https://15774129.go.kr/BCUser/facilitypic/2000000476/1711954119089.PNG","초지리공설묘지"
"https://15774129.go.kr/BCUser/facilitypic/2000000481/1711420239969.PNG","충해공원묘지"
"https://15774129.go.kr/BCUser/facilitypic/7000000963/1711959303323.PNG","후방산 공설묘지"
"https://15774129.go.kr/BCUser/facilitypic/7000001044/1707797498677.PNG","천도교 무봉공원"
"https://15774129.go.kr/BCUser/facilitypic/2000000509/1711958523602.PNG","하도리공설묘지"
"https://15774129.go.kr/BCUser/facilitypic/2000000507/1707807562624.PNG","하늘의문(당하동)"
"https://15774129.go.kr/BCUser/facilitypic/2000000394/1707203648812.PNG","임실군공설묘지"
"https://15774129.go.kr/BCUser/facilitypic/1465449952780_2000000126_0.jpg","혜화동성당 도봉동묘원"
"https://15774129.go.kr/BCUser/facilitypic/2000000127/1711958101356.PNG","도장리공설묘지"
"https://15774129.go.kr/BCUser/facilitypic/2000000129/1711955184759.PNG","동강면공설묘지"
"https://15774129.go.kr/BCUser/facilitypic/2000000130/1711959415929.PNG","동검리공설묘지"
"https://15774129.go.kr/BCUser/facilitypic/2000000142/1707205757160.PNG","두운리공동묘지"
"https://15774129.go.kr/BCUser/facilitypic/2000000146/1711958144721.PNG","말도공설묘지"
"https://15774129.go.kr/BCUser/facilitypic/1465448184543_2000000147_0.jpg","망우역사문화공원"
"https://15774129.go.kr/BCUser/facilitypic/2000000148/1711955627800.PNG","망월리공설묘지"
"https://15774129.go.kr/BCUser/facilitypic/2000000151/1707205670048.PNG","매음리공설묘지"
"https://15774129.go.kr/BCUser/facilitypic/2000000163/1711954367177.PNG","문평면공설묘지"
"https://15774129.go.kr/BCUser/facilitypic/2000000171/1711958209448.PNG","반남면공설묘지"
"https://15774129.go.kr/BCUser/facilitypic/2000000178/1711955380352.PNG","벽제리묘지"
"https://15774129.go.kr/BCUser/facilitypic/2000000180/1711955435976.PNG","보성공설묘지"
"https://15774129.go.kr/BCUser/facilitypic/2000000186/1711955890736.PNG","볼음공설묘지"
"https://15774129.go.kr/BCUser/facilitypic/2000000187/1711956525081.PNG","봉소리공설묘지"
"https://15774129.go.kr/BCUser/facilitypic/2000000188/1707204522051.PNG","봉황면공설묘지"
"https://15774129.go.kr/BCUser/facilitypic/2000000189/1711956106616.PNG","부근리공설묘지"
"https://15774129.go.kr/BCUser/facilitypic/2000000192/1711954558040.PNG","부활동산종교재단법인"
"https://15774129.go.kr/BCUser/facilitypic/2000000194/1711956189656.PNG","북면공설묘지"
"https://15774129.go.kr/BCUser/facilitypic/2000000197/1711956300640.PNG","북성리공설묘지"
"https://15774129.go.kr/BCUser/facilitypic/2000000205/1711956574984.PNG","사기리공설묘지"
"https://15774129.go.kr/BCUser/facilitypic/2000000211/1707206109177.PNG","산포면공설묘지"
"https://15774129.go.kr/BCUser/facilitypic/2000000212/1711522518049.PNG","삼거리공설묘지"
"https://15774129.go.kr/BCUser/facilitypic/2000000124/1711522383029.PNG","덕하2리공설묘지"
"https://15774129.go.kr/BCUser/facilitypic/2000000123/1711958412254.PNG","덕하1리공설묘지"
"https://15774129.go.kr/BCUser/facilitypic/2000000017/1711432092697.PNG","가평읍 공설묘지(구 제1공설묘지)"
"https://15774129.go.kr/BCUser/facilitypic/2000000025/1711522146425.PNG","고능리공동묘지"
"https://15774129.go.kr/BCUser/facilitypic/2000000031/1711959215517.PNG","고천리공설묘지"
"https://15774129.go.kr/BCUser/facilitypic/2000000032/1707364780407.PNG","공산면공설묘지"
"https://15774129.go.kr/BCUser/facilitypic/2000000040/1711958912313.PNG","교산리공설묘지(별립산)"
"https://15774129.go.kr/BCUser/facilitypic/2000000042/1711432364335.PNG","구례군공설묘지"
"https://15774129.go.kr/BCUser/facilitypic/2000000197/1711956300640.PNG","북성리공설묘지"
"https://15774129.go.kr/BCUser/facilitypic/2000000048/1711958999165.PNG","국화리공설묘지"
"https://15774129.go.kr/BCUser/facilitypic/2000000053/1707797830481.PNG","금남동공설묘지"
"https://15774129.go.kr/BCUser/facilitypic/2000000063/1711956881290.PNG","길정리공설묘지"
"https://15774129.go.kr/BCUser/facilitypic/2000000064/1711958869297.PNG","길직1리공설묘지"
"https://15774129.go.kr/BCUser/facilitypic/2000000065/1711959264435.PNG","길직2리공설묘지"
"https://15774129.go.kr/BCUser/facilitypic/2000000073/1711958356140.PNG","천주교나주성당공원묘지"
"https://15774129.go.kr/BCUser/facilitypic/2000000077/1711959353761.PNG","남산리공설묘지"
"https://15774129.go.kr/BCUser/facilitypic/2000000081/1707798857119.PNG","남원읍공설묘지"
"https://15774129.go.kr/BCUser/facilitypic/2000000082/1711955245205.PNG","남평읍공설묘지"
"https://15774129.go.kr/BCUser/facilitypic/2000000086/1711958806424.PNG","내곡리묘지"
"https://15774129.go.kr/BCUser/facilitypic/2000000096/1711956458184.PNG","넙성리공동묘지"
"https://15774129.go.kr/BCUser/facilitypic/2000000045/1707798069832.PNG","구좌읍공설묘지"
"https://15774129.go.kr/BCUser/facilitypic/2000000048/1711958999165.PNG","국화리공설묘지"
"https://15774129.go.kr/BCUser/facilitypic/2000000101/1711959054483.PNG","당산리공설묘지"
"https://15774129.go.kr/BCUser/facilitypic/2000000111/1711958663038.PNG","대정읍공설묘지"
"https://15774129.go.kr/BCUser/facilitypic/2000000120/1711955543905.PNG","덕성리공동묘지"
"https://15774129.go.kr/BCUser/facilitypic/2000000215/1711956669135.PNG","삼동암공동묘지"
"https://15774129.go.kr/BCUser/facilitypic/2000000251/1711958290978.PNG","성산읍공설묘지"
"https://15774129.go.kr/BCUser/facilitypic/2000000250/1711954494380.PNG","성북동공설묘지"
"https://15774129.go.kr/BCUser/facilitypic/1600670049006_2000000376_0.jpg","의정부시공설묘지"
"https://15774129.go.kr/BCUser/facilitypic/2000000326/1711522340927.PNG","영산동공설묘지"
"https://15774129.go.kr/BCUser/facilitypic/2000000256/1711522213384.PNG","세지면공설묘지"
"https://15774129.go.kr/BCUser/facilitypic/2000000354/1707204043021.PNG","우도면공설묘지"
"https://15774129.go.kr/BCUser/facilitypic/2000000265/1707204763870.PNG","송월교회(묘지)"
"https://15774129.go.kr/BCUser/facilitypic/2000000272/1711958022549.PNG","숭뢰리공설묘지"
"https://15774129.go.kr/BCUser/facilitypic/2000000349/1707204309200.PNG","용담망향의공설묘지"
"https://15774129.go.kr/BCUser/facilitypic/2000000282/1711957831844.PNG","신삼리공설묘지"
"https://15774129.go.kr/BCUser/facilitypic/2000000289/1707205407992.PNG","신정리공설묘지"
"https://15774129.go.kr/BCUser/facilitypic/2000000342/1724810970599.PNG","왕곡면공설묘지"
"https://15774129.go.kr/BCUser/facilitypic/2000000290/1711955327243.PNG","신현리공동묘지"
"https://15774129.go.kr/BCUser/facilitypic/2000000293/1711957880029.PNG","아차공설묘지"
"https://15774129.go.kr/BCUser/facilitypic/2000000340/1707204403695.PNG","완도군추모공원"
"https://15774129.go.kr/BCUser/facilitypic/2000000294/1711427789056.PNG","안덕면공설묘지"
"https://15774129.go.kr/BCUser/facilitypic/2000000300/1711954253142.PNG","애월읍공설묘지"
"https://15774129.go.kr/BCUser/facilitypic/2000000310/1707798176441.PNG","어승생공설묘지"
"https://15774129.go.kr/BCUser/facilitypic/2000000319/1707364956804.PNG","영강동공설묘지"
"https://15774129.go.kr/BCUser/facilitypic/2000000249/1707205025310.PNG","설악면공설묘지"
"https://15774129.go.kr/BCUser/facilitypic/2000000382/1707203747890.PNG","이창동공설묘지"
"https://15774129.go.kr/BCUser/facilitypic/2000000218/1711523004062.PNG","삼성리공동묘지"
"https://15774129.go.kr/BCUser/facilitypic/2000000220/1711957499280.PNG","삼흥리공설묘지"
"https://15774129.go.kr/BCUser/facilitypic/2000000222/1711522933764.PNG","상면공설묘지"
"https://15774129.go.kr/BCUser/facilitypic/2000000225/1711957556761.PNG","상용리공설묘지"
"https://15774129.go.kr/BCUser/facilitypic/2000000228/1711522464257.PNG","색달동공설묘지"
"https://15774129.go.kr/BCUser/facilitypic/2000000229/1711522562250.PNG","서검리공설묘지"
"https://15774129.go.kr/BCUser/facilitypic/2000000232/1707366039521.PNG","서부공설묘지"
"https://15774129.go.kr/BCUser/facilitypic/2000000234/1707206014895.PNG","서산시희망공원(묘지)"
"https://15774129.go.kr/BCUser/facilitypic/2000000240/1711523061543.PNG","석모리공설묘지"
"https://15774129.go.kr/BCUser/facilitypic/2000000242/1711522292719.PNG","석포리공설묘지"
"https://15774129.go.kr/BCUser/facilitypic/2000000392/1711955024620.PNG","인화리공설묘지"
"https://15774129.go.kr/BCUser/facilitypic/2000000246/1707205279795.PNG","선두리공설묘지"
"https://15774129.go.kr/BCUser/facilitypic/2000000330/1707200692310.PNG","예수장로회 제주교회묘지"
"https://15774129.go.kr/BCUser/facilitypic/2000000023/1707195796731.PNG","경산공원묘원"
"https://15774129.go.kr/BCUser/facilitypic/2000000418/1707200015584.PNG","조천장로교회묘지"
"https://15774129.go.kr/BCUser/facilitypic/1600324627599_2000000018_0.jpg","갑산공원묘원"
"https://15774129.go.kr/BCUser/facilitypic/1710221240839.jpg","(재)분당메모리얼파크"
"https://15774129.go.kr/BCUser/facilitypic/2000000406/1711522092048.PNG","(재)대한예수교장로회 기독교공동묘원"
"https://15774129.go.kr/BCUser/facilitypic/2000000011/1707195910499.PNG","(재)전주공원묘원"
"https://15774129.go.kr/BCUser/facilitypic/2000000411/1707185116886.PNG","정자공원묘원"
"https://15774129.go.kr/BCUser/facilitypic/2000000062/1707196955713.PNG","인천기독교장로회묘지"
"https://15774129.go.kr/BCUser/facilitypic/2000000057/1711429655699.PNG","금천면공설묘지(폐쇄)"
"https://15774129.go.kr/BCUser/facilitypic/2000000415/1711430966798.PNG","조수천주교묘지"
"https://15774129.go.kr/BCUser/facilitypic/2000000007/1564537461220.jpg","(재)하늘공원 묘원"
"https://15774129.go.kr/BCUser/facilitypic/1600075626181_2000000051_0.JPG","(재)금곡장미공원"
"https://15774129.go.kr/BCUser/facilitypic/2000000414/1707200941760.PNG","제주향교묘지"
"https://15774129.go.kr/BCUser/facilitypic/2000000217/1707791735224.PNG","삼성공원묘원"
"https://15774129.go.kr/BCUser/facilitypic/2000000423/1707201983405.PNG","대구중부교회묘지"
"https://15774129.go.kr/BCUser/facilitypic/2000000226/1707197820008.PNG","상전망향의공설묘지"
"https://15774129.go.kr/BCUser/facilitypic/2000000461/1707202159087.PNG","천아오름공원묘지"
"https://15774129.go.kr/BCUser/facilitypic/2000000460/1564537177882.jpg","천주교제주교구묘지"
"https://15774129.go.kr/BCUser/facilitypic/2000000172/1707195692078.PNG","혜화동성당 방학동묘원"
"https://15774129.go.kr/BCUser/facilitypic/2000000499/1707791383104.PNG","포항공원묘원"
"https://15774129.go.kr/BCUser/facilitypic/2000000459/1711430315303.PNG","천주교용호동공원묘지"
"https://15774129.go.kr/BCUser/facilitypic/2000000158/1707201389522.PNG","모슬포 천주교공동묘지"
"https://15774129.go.kr/BCUser/facilitypic/2000000157/1707200807387.PNG","모슬포교회 공동묘지"
"https://15774129.go.kr/BCUser/facilitypic/2000000455/1707198591029.PNG","천주교산내공원묘원"
"https://15774129.go.kr/BCUser/facilitypic/2000000451/1707198450964.PNG","천주교 창원공원묘원"
"https://15774129.go.kr/BCUser/facilitypic/2000000448/1707196216486.PNG","천주교가덕공원묘지"
"https://15774129.go.kr/BCUser/facilitypic/2000000279/1707201838080.PNG","신동아교회묘지"
"https://15774129.go.kr/BCUser/facilitypic/2000000285/1707791071287.PNG","신세계공원"
"https://15774129.go.kr/BCUser/facilitypic/2000000116/1707198034106.PNG","삼덕교회동산"
"https://15774129.go.kr/BCUser/facilitypic/2000000528/1707198790692.PNG","인천지구황해도민묘지"
"https://15774129.go.kr/BCUser/facilitypic/2000000104/1707197911561.PNG","대구화교협회묘지"
"https://15774129.go.kr/BCUser/facilitypic/2000000103/1711429892566.PNG","대구공원"
"https://15774129.go.kr/BCUser/facilitypic/2000000534/1707197202563.PNG","길음동성당 묘원"
"https://15774129.go.kr/BCUser/facilitypic/2000000537/1707368077512.PNG","충주천주교회 성요셉공원묘원"
"https://15774129.go.kr/BCUser/facilitypic/2000000097/1707197086991.PNG","노안면공설묘지(폐쇄)"
"https://15774129.go.kr/BCUser/facilitypic/2000000606/1707201487497.PNG","삼각지성당 하늘묘원"
"https://15774129.go.kr/BCUser/facilitypic/1600669309543_7000002435_0.jpg","산곡동공설묘지"
"https://15774129.go.kr/BCUser/facilitypic/7000002735/1707194339822.PNG","서울노회유지재단 법인묘지"
"https://15774129.go.kr/BCUser/facilitypic/7000002977/1764114137612.png","삼척시추모공원 묘지 제2단지"
"https://15774129.go.kr/BCUser/facilitypic/7000002979/1764116038843.png","보령시마을단위공원묘지"
"https://15774129.go.kr/BCUser/facilitypic/700002365/1621584855395.jpg","가평추모공원(구 제2공설묘지)"
"https://15774129.go.kr/BCUser/facilitypic/2000000608/1707196027819.PNG","돈암동성당 광탄추모공원"
"https://15774129.go.kr/BCUser/facilitypic/1600669247503_7000002434_0.jpg","자일동공설묘지"
"https://15774129.go.kr/BCUser/facilitypic/700002616/1707194840377.PNG","(재)동산공원묘원 묘지"
"https://15774129.go.kr/BCUser/facilitypic/700002614/1707194697442.PNG","(재)성산공원(묘지)"
"https://15774129.go.kr/BCUser/facilitypic/700002436/1707185546698.PNG","상효동공설묘지"
"https://15774129.go.kr/BCUser/facilitypic/700002613/1707194596074.PNG","(재)천주교유지재단 청주교구묘원"
"https://15774129.go.kr/BCUser/facilitypic/700002611/1707194982044.PNG","김포성당 매괴의모후 묘원"
"https://15774129.go.kr/BCUser/facilitypic/700002610/1707193923031.PNG","칠곡성당공동묘원"
"https://15774129.go.kr/BCUser/facilitypic/700002609/1707193813072.PNG","대구중앙교회 부활의동산"
"https://15774129.go.kr/BCUser/facilitypic/700002606/1707194201757.PNG","광대리 공원묘지"
"https://15774129.go.kr/BCUser/facilitypic/700002607/1707194102641.PNG","광양시립영세공원 묘지"
"https://15774129.go.kr/BCUser/facilitypic/700002608/1707193242675.PNG","대구칠곡교회묘지"
"https://15774129.go.kr/BCUser/facilitypic/7000002419/1764136946523.PNG","구룡공설공원묘지"
"https://15774129.go.kr/BCUser/facilitypic/2000000609/1707202728956.PNG","서소문교회동산"
"https://15774129.go.kr/BCUser/facilitypic/2000008466/1707184614479.PNG","영암군군서공설묘지"
"https://15774129.go.kr/BCUser/facilitypic/2000008467/1707184772051.PNG","영암군금정공설묘지"
"https://15774129.go.kr/BCUser/facilitypic/2000008468/1707192735864.PNG","영암군시종공설묘지"
"https://15774129.go.kr/BCUser/facilitypic/2000008469/1707184888845.PNG","영암군신북공설묘지"
"https://15774129.go.kr/BCUser/facilitypic/2000008470/1707198316376.PNG","영암군학산공설묘지"
"https://15774129.go.kr/BCUser/facilitypic/2000008472/1707183211072.PNG","안양시안산공설묘지(만장)"
"https://15774129.go.kr/BCUser/facilitypic/7000000973/1711438065834.PNG","용산성당 청계묘원"
"https://15774129.go.kr/BCUser/facilitypic/2000001002/1707195486718.PNG","구미시선산공설묘지(만장)"
"https://15774129.go.kr/BCUser/facilitypic/2000001001/1707183029941.PNG","홍성군공원묘지"
"https://15774129.go.kr/BCUser/facilitypic/2000008441/1707184047880.PNG","대야리공설묘지"
"https://15774129.go.kr/BCUser/facilitypic/2000000615/1707197442126.PNG","청암교회(청암동산)"
"https://15774129.go.kr/BCUser/facilitypic/2000000614/1707198920803.PNG","신현교회 묘지"
"https://15774129.go.kr/BCUser/facilitypic/7000001917/1707185217044.PNG","오식도공설묘지(민간위탁)"
"https://15774129.go.kr/BCUser/facilitypic/2000000613/1707203575873.PNG","최자실기도원 공원묘지"
"https://15774129.go.kr/BCUser/facilitypic/2000000612/1707203506861.PNG","불광동성당 바다의별묘원"
"https://15774129.go.kr/BCUser/facilitypic/2000000611/1707203402225.PNG","신광교회 묘지"
"https://15774129.go.kr/BCUser/facilitypic/7000002284/1707193723488.PNG","천주교 김천공원묘지"
"https://15774129.go.kr/img/no_image.png","광릉추모공원"
