ID,시설명,실패사유,작업구분
12,"부산광역시 해운대구 부산 연안 해양장",검색 안됨,명칭/주소/전화 동기화
13,"경상북도 경주시 서라벌공원묘원 (불교)",검색 안됨,명칭/주소/전화 동기화
14,"경기도 김포시 무지개추모공원",검색 안됨,명칭/주소/전화 동기화
20,"경기도 부천시 약사사 추모관 (불교)",검색 안됨,명칭/주소/전화 동기화
88,"--------",검색 안됨,명칭/주소/전화 동기화
104,"주식회사 헤븐앤어스",유사도 낮음,명칭/주소/전화 동기화
169,"정선군사북장례식장",유사도 낮음,명칭/주소/전화 동기화
174,"경상남도 함안군 시영의료재단 영동병원장례식장",검색 안됨,명칭/주소/전화 동기화
175,"경상북도 영주시 명품병원장례문화원",검색 안됨,명칭/주소/전화 동기화
176,"광주광역시 북구 그린장례문화원주식회사",검색 안됨,명칭/주소/전화 동기화
177,"광주광역시 서구 (주)광주국빈장례문화원",검색 안됨,명칭/주소/전화 동기화
178,"대구광역시 중구 계산성당 연도실",검색 안됨,명칭/주소/전화 동기화
180,"인천광역시 미추홀구 학교법인영산학원시민장례식장",검색 안됨,명칭/주소/전화 동기화
205,"전라북도 군산시 (유)은파장례문화원",검색 안됨,명칭/주소/전화 동기화
223,"경상남도 고성군 고성장례식장화라주식회사",검색 안됨,명칭/주소/전화 동기화
225,"경상북도 의성군 의성성심요양병원장례식장",검색 안됨,명칭/주소/전화 동기화
226,"영주적십자병원장례식장",유사도 낮음,명칭/주소/전화 동기화
238,"경기도 파주시 파주하늘나라공원",검색 안됨,명칭/주소/전화 동기화
245,"경기도 양주시 청파동성당 청파묘원",검색 안됨,명칭/주소/전화 동기화
247,"(주)광림공원 동산공원묘원(묘지)",유사도 낮음,명칭/주소/전화 동기화
289,"경기도 여주시 처리공원묘지",검색 안됨,명칭/주소/전화 동기화
309,"경기도 파주시 중림동성당묘원",검색 안됨,명칭/주소/전화 동기화
311,"인천광역시 서구 양우회",검색 안됨,명칭/주소/전화 동기화
398,"구리시공설묘지",유사도 낮음,명칭/주소/전화 동기화
417,"경상북도 성주군 성주군공설묘지",검색 안됨,명칭/주소/전화 동기화
433,"경기도 포천시 내촌면 제2공설묘지",검색 안됨,명칭/주소/전화 동기화
446,"경기도 포천시 영북면 제1공설묘지",검색 안됨,명칭/주소/전화 동기화
569,"신현교회 묘지",유사도 낮음,명칭/주소/전화 동기화
571,"신광교회 묘지",유사도 낮음,명칭/주소/전화 동기화
573,"울산광역시 울주군 (재)삼덕공원묘원",검색 안됨,명칭/주소/전화 동기화
574,"울산광역시 남구 재단법인울산공원묘원",검색 안됨,명칭/주소/전화 동기화
575,"충청북도 음성군 (재)대지공원묘원",검색 안됨,명칭/주소/전화 동기화
576,"경상북도 구미시 재단법인선산공원묘원",검색 안됨,명칭/주소/전화 동기화
577,"경상남도 양산시 재단법인 솥발산공원묘원",검색 안됨,명칭/주소/전화 동기화
578,"충청남도 천안시 재단법인 로엠(묘지)",검색 안됨,명칭/주소/전화 동기화
579,"경상북도 성주군 (재)남양공원묘원",검색 안됨,명칭/주소/전화 동기화
580,"강원특별자치도 춘천시 (재)경춘공원묘원",검색 안됨,명칭/주소/전화 동기화
581,"전라북도 정읍시 (재)화신공원묘원",검색 안됨,명칭/주소/전화 동기화
582,"충청남도 천안시 (재)풍산공원묘원",검색 안됨,명칭/주소/전화 동기화
583,"전라북도 완주군 (재)호정공원(묘지)",검색 안됨,명칭/주소/전화 동기화
585,"경기도 포천시 (재)자하연포천(묘지)",검색 안됨,명칭/주소/전화 동기화
586,"경상북도 경산시 (재)경맥백합공원",검색 안됨,명칭/주소/전화 동기화
587,"전라북도 군산시 (재)봉황공원묘지",검색 안됨,명칭/주소/전화 동기화
588,"경상북도 성주군 (재)우성공원묘원",검색 안됨,명칭/주소/전화 동기화
589,"경상북도 경주시 (재)경주공원묘원",검색 안됨,명칭/주소/전화 동기화
590,"경상북도 칠곡군 (재)조양공원",검색 안됨,명칭/주소/전화 동기화
591,"경상북도 칠곡군 (재)학명묘원",검색 안됨,명칭/주소/전화 동기화
592,"충청북도 청주시 오창장미공원",검색 안됨,명칭/주소/전화 동기화
594,"경기도 안산시 와동꽃빛공원(공설묘지)",검색 안됨,명칭/주소/전화 동기화
595,"경기도 오산시 오산시공설공원묘지",검색 안됨,명칭/주소/전화 동기화
596,"경기도 양평군 (재)자하연팔당(묘지)",검색 안됨,명칭/주소/전화 동기화
597,"경상남도 남해군 남해추모누리 공설종합묘원",검색 안됨,명칭/주소/전화 동기화
598,"강원특별자치도 원주시 (재)원주공원묘원",검색 안됨,명칭/주소/전화 동기화
599,"인천광역시 강화군 월곳리공설묘지",검색 안됨,명칭/주소/전화 동기화
600,"경상북도 영덕군 삼계공설묘지",검색 안됨,명칭/주소/전화 동기화
601,"경기도 김포시 김포공원법인묘지(풍무)",검색 안됨,명칭/주소/전화 동기화
602,"경기도 양주시 도하리공설묘지",검색 안됨,명칭/주소/전화 동기화
603,"경기도 양주시 하패리공설묘지",검색 안됨,명칭/주소/전화 동기화
604,"경기도 양주시 선암리공설묘지",검색 안됨,명칭/주소/전화 동기화
605,"경기도 김포시 고려공원법인묘지",검색 안됨,명칭/주소/전화 동기화
606,"경상남도 고성군 장기공설공원묘원",검색 안됨,명칭/주소/전화 동기화
607,"경기도 양주시 삼하리공설묘지",검색 안됨,명칭/주소/전화 동기화
608,"경기도 양주시 삼상리공설묘지",검색 안됨,명칭/주소/전화 동기화
609,"경기도 포천시 관인면 제1공설묘지",검색 안됨,명칭/주소/전화 동기화
610,"경기도 화성시 북양공설공원묘지",검색 안됨,명칭/주소/전화 동기화
611,"경기도 포천시 신북면 제6공설묘지",검색 안됨,명칭/주소/전화 동기화
613,"경기도 포천시 신북면 제4공설묘지",검색 안됨,명칭/주소/전화 동기화
614,"전라남도 나주시 동강면공설묘지",검색 안됨,명칭/주소/전화 동기화
615,"인천광역시 강화군 두운리공동묘지",검색 안됨,명칭/주소/전화 동기화
616,"전라남도 나주시 문평면공설묘지",검색 안됨,명칭/주소/전화 동기화
617,"전라남도 나주시 반남면공설묘지",검색 안됨,명칭/주소/전화 동기화
618,"전라남도 보성군 보성공설묘지",검색 안됨,명칭/주소/전화 동기화
619,"전라남도 나주시 봉황면공설묘지",검색 안됨,명칭/주소/전화 동기화
620,"인천광역시 강화군 덕하2리공설묘지",검색 안됨,명칭/주소/전화 동기화
621,"전라남도 나주시 공산면공설묘지",검색 안됨,명칭/주소/전화 동기화
622,"전라남도 나주시 금남동공설묘지",검색 안됨,명칭/주소/전화 동기화
623,"경기도 남양주시 내곡리묘지",검색 안됨,명칭/주소/전화 동기화
626,"전라남도 나주시 세지면공설묘지",검색 안됨,명칭/주소/전화 동기화
627,"전라남도 나주시 왕곡면공설묘지",검색 안됨,명칭/주소/전화 동기화
629,"전라남도 나주시 영강동공설묘지",검색 안됨,명칭/주소/전화 동기화
630,"전라남도 나주시 이창동공설묘지",검색 안됨,명칭/주소/전화 동기화
631,"전라북도 진안군 (재)전주공원묘원",검색 안됨,명칭/주소/전화 동기화
632,"서울특별시 도봉구 혜화동성당 방학동묘원",검색 안됨,명칭/주소/전화 동기화
633,"전라북도 군산시 (재)성산공원(묘지)",검색 안됨,명칭/주소/전화 동기화
634,"경기도 김포시 김포성당 매괴의모후 묘원",검색 안됨,명칭/주소/전화 동기화
635,"전라남도 광양시 광양시립영세공원 묘지",검색 안됨,명칭/주소/전화 동기화
637,"전라남도 영암군 영암군군서공설묘지",검색 안됨,명칭/주소/전화 동기화
640,"경기 파주시 청암교회(청암동산)",검색 안됨,명칭/주소/전화 동기화
651,"부산광역시 기장군 메모리얼펠리스추모관(실로암)",검색 안됨,명칭/주소/전화 동기화
653,"(주)광림공원 동산공원묘원(봉안)",유사도 낮음,명칭/주소/전화 동기화
656,"경기도 이천시 재단법인 에덴낙원",검색 안됨,명칭/주소/전화 동기화
658,"경상북도 문경시 약사사 하늘재추모원",검색 안됨,명칭/주소/전화 동기화
659,"경상북도 경주시 (재)영호공원",검색 안됨,명칭/주소/전화 동기화
660,"대원사 봉안당",유사도 낮음,명칭/주소/전화 동기화
672,"화엄사",유사도 낮음,명칭/주소/전화 동기화
674,"전라남도 구례군 재단법인 세심사하늘공원",검색 안됨,명칭/주소/전화 동기화
679,"서울특별시 관악구 대한불교조계종관음사",검색 안됨,명칭/주소/전화 동기화
688,"경기도 파주시 (재)서현추모공원",검색 안됨,명칭/주소/전화 동기화
692,"제주특별자치도 제주시 영락원 봉안당",검색 안됨,명칭/주소/전화 동기화
694,"대한불교정음사원",유사도 낮음,명칭/주소/전화 동기화
697,"경상북도 문경시 쌍용사 봉안당",검색 안됨,명칭/주소/전화 동기화
702,"경상북도 경주시 용주사 봉안당",검색 안됨,명칭/주소/전화 동기화
704,"효심추모관",유사도 낮음,명칭/주소/전화 동기화
707,"전라북도 김제시 성모암영락원",검색 안됨,명칭/주소/전화 동기화
709,"인천광역시 강화군 강화파라다이스 강화지점",검색 안됨,명칭/주소/전화 동기화
711,"경기도 평택시 약천추모공원",검색 안됨,명칭/주소/전화 동기화
714,"관음사추모관",유사도 낮음,명칭/주소/전화 동기화
721,"경기도 남양주시 재단법인청림공원(봉안당)",검색 안됨,명칭/주소/전화 동기화
723,"경기도 남양주시 재단법인북한강공원",검색 안됨,명칭/주소/전화 동기화
724,"경기도 용인시 용인평온의숲(평온마루 봉안당)",검색 안됨,명칭/주소/전화 동기화
731,"경상북도 구미시 구미시공설숭조당 제1관",검색 안됨,명칭/주소/전화 동기화
732,"충청남도 논산시 논산시양지추모원",검색 안됨,명칭/주소/전화 동기화
733,"울산광역시 울주군 울산하늘공원 추모의집",검색 안됨,명칭/주소/전화 동기화
735,"나주납골당",유사도 낮음,명칭/주소/전화 동기화
737,"강원특별자치도 원주시 하늘원추모관",검색 안됨,명칭/주소/전화 동기화
741,"경기도 광주시 (재)미타불교원",검색 안됨,명칭/주소/전화 동기화
744,"동대문구추모의집",유사도 낮음,명칭/주소/전화 동기화
747,"경기 양주시 경신하늘뜰공원 봉안당",검색 안됨,명칭/주소/전화 동기화
753,"충청북도 옥천군 옥천군봉안당 선화원",검색 안됨,명칭/주소/전화 동기화
754,"전라북도 남원시 남원시승화당",검색 안됨,명칭/주소/전화 동기화
759,"강원특별자치도 양양군 양양군공설묘원 봉안당",검색 안됨,명칭/주소/전화 동기화
764,"전라남도 완도군 대한불교조계종 신흥사",검색 안됨,명칭/주소/전화 동기화
767,"충청남도 청양군 청양군추모공원(봉안당)",검색 안됨,명칭/주소/전화 동기화
770,"경기도 광주시 (재)자하연분당",검색 안됨,명칭/주소/전화 동기화
772,"광주광역시 북구 광주영락공원 제1추모관",검색 안됨,명칭/주소/전화 동기화
777,"강원특별자치도 춘천시 춘천안식공원(안식의집)",검색 안됨,명칭/주소/전화 동기화
785,"경기도 화성시 종로구추모의집",검색 안됨,명칭/주소/전화 동기화
787,"경상남도 의령군 의령군공설납골묘",검색 안됨,명칭/주소/전화 동기화
789,"강원특별자치도 원주시 휴마루",검색 안됨,명칭/주소/전화 동기화
791,"장미원",유사도 낮음,명칭/주소/전화 동기화
794,"경기도 의정부시 하늘의문(천주교 신곡2동성당)",검색 안됨,명칭/주소/전화 동기화
798,"충청북도 청주시 청주시목련원목련당",검색 안됨,명칭/주소/전화 동기화
805,"충청북도 음성군 증평군 추모의집",검색 안됨,명칭/주소/전화 동기화
807,"경기 안성시 하늘문 봉안당",검색 안됨,명칭/주소/전화 동기화
808,"경상남도 산청군 산청군공설묘지 본향원",검색 안됨,명칭/주소/전화 동기화
813,"강원특별자치도 강릉시 청솔공원 봉안묘",검색 안됨,명칭/주소/전화 동기화
820,"경기도 파주시 상락원 지장영묘전",검색 안됨,명칭/주소/전화 동기화
824,"제주특별자치도 서귀포시 만불사",검색 안됨,명칭/주소/전화 동기화
829,"서울특별시 마포구 부활의집",검색 안됨,명칭/주소/전화 동기화
835,"경상북도 영천시 대승불교법왕종 한광사",검색 안됨,명칭/주소/전화 동기화
840,"대구광역시 달성군 한국불교원각종 장수사",검색 안됨,명칭/주소/전화 동기화
855,"충남 논산시 성불사 봉안당",검색 안됨,명칭/주소/전화 동기화
857,"김포연화사추모관",유사도 낮음,명칭/주소/전화 동기화
871,"경상북도 영천시 관음사 봉안당",검색 안됨,명칭/주소/전화 동기화
873,"경상북도 칠곡군 용운사 납골당",검색 안됨,명칭/주소/전화 동기화
876,"경남 통영시 안정사 납골당",검색 안됨,명칭/주소/전화 동기화
877,"경남 통영시 용봉사 납골당",검색 안됨,명칭/주소/전화 동기화
879,"경기도 양주시 대한불교조계종 육지장사",검색 안됨,명칭/주소/전화 동기화
881,"충청남도 아산시 보석교회 헤븐스",검색 안됨,명칭/주소/전화 동기화
883,"경남 김해시 불조사 휴안추모관",검색 안됨,명칭/주소/전화 동기화
885,"경기도 양평군 사랑의동산",검색 안됨,명칭/주소/전화 동기화
886,"경기도 양평군 대한예수교장로회 노량진교회",검색 안됨,명칭/주소/전화 동기화
899,"광주 북구 광주영락공원 봉안담",검색 안됨,명칭/주소/전화 동기화
900,"광주 북구 광주영락공원 봉안묘",검색 안됨,명칭/주소/전화 동기화
901,"강원특별자치도 영월군 영월군 봉안당",검색 안됨,명칭/주소/전화 동기화
910,"강원특별자치도 홍천군 천봉사 자연장지",검색 안됨,명칭/주소/전화 동기화
911,"경기도 용인시 용인평온의숲(예정원)",검색 안됨,명칭/주소/전화 동기화
912,"전라남도 장성군 백양사 수목장",검색 안됨,명칭/주소/전화 동기화
913,"강원특별자치도 삼척시 삼척시추모공원 자연장",검색 안됨,명칭/주소/전화 동기화
918,"경기도 양주시 서울신흥교회 하늘계단수목장",검색 안됨,명칭/주소/전화 동기화
922,"천탑사 수목장(그린피아)",유사도 낮음,명칭/주소/전화 동기화
928,"대전광역시 서구 대전추모공원 자연장지",검색 안됨,명칭/주소/전화 동기화
935,"충청북도 청주시 청주시목련공원자연장",검색 안됨,명칭/주소/전화 동기화
937,"경기도 광주시 중대공원자연장지",검색 안됨,명칭/주소/전화 동기화
940,"전라남도 담양군 오룡군립묘원 자연장지",검색 안됨,명칭/주소/전화 동기화
941,"강원특별자치도 춘천시 춘천안식공원 잔디장",검색 안됨,명칭/주소/전화 동기화
950,"강원특별자치도 강릉시 청솔공원 자연장지",검색 안됨,명칭/주소/전화 동기화
955,"경상남도 김해시 휴안추모공원",검색 안됨,명칭/주소/전화 동기화
957,"경상남도 남해군 고사자연장지",검색 안됨,명칭/주소/전화 동기화
961,"경기도 용인시 천주교인보성체수도회",검색 안됨,명칭/주소/전화 동기화
963,"경상남도 진주시 진주대광교회 자연장지",검색 안됨,명칭/주소/전화 동기화
970,"충청북도 청주시 정음사원추모관",검색 안됨,명칭/주소/전화 동기화
976,"전라남도 보성군 대한불교조계종 대원사",검색 안됨,명칭/주소/전화 동기화
980,"경상북도 김천시 천주교 김천공원묘원",검색 안됨,명칭/주소/전화 동기화
981,"충청북도 청주시 평안교회 자연장지",검색 안됨,명칭/주소/전화 동기화
982,"(주)광림공원 동산공원묘원(봉안)",유사도 낮음,명칭/주소/전화 동기화
7907211,"전북특별자치도 부안군 부안효요양병원 장례식장",검색 안됨,명칭/주소/전화 동기화
8113106,"경상북도 성주군 가야장례식장",검색 안됨,명칭/주소/전화 동기화
8200114,"대구 군위군 군위삼성병원 장례식장",검색 안됨,명칭/주소/전화 동기화
8207921,"대전 유성구 구암사 봉안당",검색 안됨,명칭/주소/전화 동기화
8359232,"경남 합천군 새하늘 장례식장",검색 안됨,명칭/주소/전화 동기화
8380259,"경상북도 포항시 오천삼성병원장례식장",검색 안됨,명칭/주소/전화 동기화
8487270,"경기 파주시 약수암영탑추모공원",검색 안됨,명칭/주소/전화 동기화
9136576,"인천광역시 미추홀구 (유)성인천장례식장",검색 안됨,명칭/주소/전화 동기화
9284126,"충북 음성군 예은 추모공원",검색 안됨,명칭/주소/전화 동기화
9860393,"경북 의성군 성제요양병원 장례식장",검색 안됨,명칭/주소/전화 동기화
9876328,"대구 달서구 성서효요양병원 장례식장",검색 안됨,명칭/주소/전화 동기화
9983325,"분당제생병원 장례식장",유사도 낮음,명칭/주소/전화 동기화
10649716,"영락원장례식장",유사도 낮음,명칭/주소/전화 동기화
10855320,"충북 청주시 청주시장례식장운영회",검색 안됨,명칭/주소/전화 동기화
10988915,"전라북도 전주시 (유)현대장례식장",검색 안됨,명칭/주소/전화 동기화
12320515,"법화세계추모관",유사도 낮음,명칭/주소/전화 동기화
12401002,"충남 당진시 당진요양병원 신평장례식장",검색 안됨,명칭/주소/전화 동기화
12406207,"부산 사하구 장림중앙장례식장",검색 안됨,명칭/주소/전화 동기화
12631062,"하늘문추모공원",유사도 낮음,명칭/주소/전화 동기화
12658723,"경북 구미시 차의과학대학교부속 구미차병원 장례식장",검색 안됨,명칭/주소/전화 동기화
12692328,"충북 옥천군 금강추모공원",검색 안됨,명칭/주소/전화 동기화
14650752,"전남 진도군 진도한국병원 장례식장",검색 안됨,명칭/주소/전화 동기화
14650773,"강원특별자치도 강릉시 강릉의료원 장례식장1관",검색 안됨,명칭/주소/전화 동기화
14650820,"경기 김포시 하나성심병원 장례식장",검색 안됨,명칭/주소/전화 동기화
14650822,"경기 부천시 PH장례식장",검색 안됨,명칭/주소/전화 동기화
14650865,"강원도 원주시 연세대학교 원주장례식장",검색 안됨,명칭/주소/전화 동기화
14650895,"포항전문장례식장",유사도 낮음,명칭/주소/전화 동기화
14650897,"경북 상주시 대한적십자 상주병원 장례식장",검색 안됨,명칭/주소/전화 동기화
14650935,"충남 청양군 청양군추모공원 공설묘지",검색 안됨,명칭/주소/전화 동기화
14651010,"전남 광양시 광양시립공원묘지 영세장",검색 안됨,명칭/주소/전화 동기화
14676040,"울산 남구 울산중앙병원 장례식장",검색 안됨,명칭/주소/전화 동기화
14871833,"경기 동두천시 서울재활요양병원 장례식장",검색 안됨,명칭/주소/전화 동기화
16026415,"광주 북구 대원장례식장",검색 안됨,명칭/주소/전화 동기화
16095749,"서울 구로구 기독교봉안당장례",검색 안됨,명칭/주소/전화 동기화
17091691,"부산광역시 영도구 주식회사구민장례식장",검색 안됨,명칭/주소/전화 동기화
17250603,"전라남도 장흥군 관산정남진장례식장",검색 안됨,명칭/주소/전화 동기화
17301433,"전라북도 익산시 (유)동이리장례식장",검색 안됨,명칭/주소/전화 동기화
17314753,"서울 강남구 청담동성당 장례식장",검색 안됨,명칭/주소/전화 동기화
17525431,"천안의료원장례식장",유사도 낮음,명칭/주소/전화 동기화
17566660,"충남 홍성군 홍성추모공원 화장장",검색 안됨,명칭/주소/전화 동기화
17569715,"충남 홍성군 홍성추모공원 유택동산",검색 안됨,명칭/주소/전화 동기화
17578201,"충남 홍성군 홍성추모공원 기존화장장",검색 안됨,명칭/주소/전화 동기화
18848642,"성심장례식장",유사도 낮음,명칭/주소/전화 동기화
18950428,"전남 광양시 GSH광양서울병원 장례식장",검색 안됨,명칭/주소/전화 동기화
19469580,"전남 목포시 효성요양병원 장례식장",검색 안됨,명칭/주소/전화 동기화
19603697,"경북 성주군 성주효요양병원 장례식장",검색 안됨,명칭/주소/전화 동기화
19603737,"세종특별자치시 조치원읍 한마음효요양병원 장례식장",검색 안됨,명칭/주소/전화 동기화
19891274,"인천 강화군 막벨라강화추모공원",검색 안됨,명칭/주소/전화 동기화
20507820,"경북 영주시 영주자인병원 장례식장",검색 안됨,명칭/주소/전화 동기화
21208975,"경남 창원시 정다운요양병원 장례식장",검색 안됨,명칭/주소/전화 동기화
21275798,"충남 천안시 단국대학교의과대학부속병원 장례식장",검색 안됨,명칭/주소/전화 동기화
21302041,"전남 완도군 고금장례식장 본관",검색 안됨,명칭/주소/전화 동기화
21546125,"경상남도 밀양시 천불사 수목장",검색 안됨,명칭/주소/전화 동기화
22676989,"대구광역시 서구 대구연세요양병원장례식장",검색 안됨,명칭/주소/전화 동기화
22893404,"경기 광주시 수도권추모공원 분당납골당",검색 안됨,명칭/주소/전화 동기화
22959452,"강원특별자치도 춘천시 강촌수목장추모공원",검색 안됨,명칭/주소/전화 동기화
23151151,"충남 아산시 아산참요양병원 장례식장",검색 안됨,명칭/주소/전화 동기화
23356857,"경기도 안성시 영평사 봉안당",검색 안됨,명칭/주소/전화 동기화
23820737,"경기 파주시 서울시립장례식장",검색 안됨,명칭/주소/전화 동기화
23893413,"서울 금천구 아카시아병원장례식장",검색 안됨,명칭/주소/전화 동기화
23965618,"제주특별자치도 제주시 우도장례식장",검색 안됨,명칭/주소/전화 동기화
23971883,"제주특별자치도 서귀포시 표선복합문화센터 장례식장",검색 안됨,명칭/주소/전화 동기화
23972280,"제주특별자치도 서귀포시 공동장례식장",검색 안됨,명칭/주소/전화 동기화
24446137,"충남 홍성군 유명추모공원 홍성본점",검색 안됨,명칭/주소/전화 동기화
24976497,"충청남도 아산시 아산유리요양병원 장례식장",검색 안됨,명칭/주소/전화 동기화
25083496,"전북특별자치도 김제시 가족사랑장례식장",검색 안됨,명칭/주소/전화 동기화
25083732,"경북 경주시 영호공원봉안당",검색 안됨,명칭/주소/전화 동기화
25084118,"강원특별자치도 인제군 인제종합장묘센터 봉안당",검색 안됨,명칭/주소/전화 동기화
25084136,"강원특별자치도 횡성군 횡성군공설추모공원 추모관",검색 안됨,명칭/주소/전화 동기화
25485582,"부산광역시 동래구 (주)장례식장아시아드",검색 안됨,명칭/주소/전화 동기화
25620554,"창원시립마산봉안당",유사도 낮음,명칭/주소/전화 동기화
25733623,"쌍룡사 납골당",유사도 낮음,명칭/주소/전화 동기화
25733632,"경북 성주군 성주남양공원 봉안당",검색 안됨,명칭/주소/전화 동기화
25733638,"경북 칠곡군 대구시립공원묘지 납골당",검색 안됨,명칭/주소/전화 동기화
25733645,"경북 영천시 영천만불지장회 사설납골당",검색 안됨,명칭/주소/전화 동기화
25733654,"경기 이천시 용학사 납골당",검색 안됨,명칭/주소/전화 동기화
25733661,"강원특별자치도 춘천시 경춘공원묘원 합동봉안당",검색 안됨,명칭/주소/전화 동기화
25733663,"충남 금산군 만인추모관",검색 안됨,명칭/주소/전화 동기화
25733665,"충남 서산시 서산시희망공원 봉안당",검색 안됨,명칭/주소/전화 동기화
25733675,"부산 금정구 부산영락공원 무연고자 납골당",검색 안됨,명칭/주소/전화 동기화
26042652,"경남 통영시 경상남도립통영노인전문병원 장례식장",검색 안됨,명칭/주소/전화 동기화
26349271,"경기 용인시 봉안천국",검색 안됨,명칭/주소/전화 동기화
26423294,"경기 포천시 포천영북농협장례식장",검색 안됨,명칭/주소/전화 동기화
26578373,"경북 청도군 매운이정희선생추모공원",검색 안됨,명칭/주소/전화 동기화
26602828,"추모공원휴",유사도 낮음,명칭/주소/전화 동기화
26886598,"경기 양주시 일영수목장",검색 안됨,명칭/주소/전화 동기화
26915303,"경기 평택시 이편안요양병원 장례문화원",검색 안됨,명칭/주소/전화 동기화
27096681,"서울 강동구 천주교명일동성당장례식장",검색 안됨,명칭/주소/전화 동기화
27115022,"전라남도 화순군 학천사추모관",검색 안됨,명칭/주소/전화 동기화
27126806,"국제성모병원 장례식장",유사도 낮음,명칭/주소/전화 동기화
27356689,"경상남도 밀양시 여여정사 수목장",검색 안됨,명칭/주소/전화 동기화
27453923,"경기 용인시 수도권추모공원 용인수목장",검색 안됨,명칭/주소/전화 동기화
27606820,"인천 연수구 연수성당 장례식장",검색 안됨,명칭/주소/전화 동기화
65026725,"충남 아산시 덕수이씨 정의공파종중 납골묘",검색 안됨,명칭/주소/전화 동기화
72060193,"경기도 안성시 안성제일교회 수목장",검색 안됨,명칭/주소/전화 동기화
100429924,"대구 동구 대륜사 납골당",검색 안됨,명칭/주소/전화 동기화
108214612,"용미리납골당",유사도 낮음,명칭/주소/전화 동기화
130291220,"경상남도 진주시 진주제일교회 수목장",검색 안됨,명칭/주소/전화 동기화
139730332,"경기도 이천시 동천교회 납골묘",검색 안됨,명칭/주소/전화 동기화
141045382,"전라남도 순천시 베다니수목장",검색 안됨,명칭/주소/전화 동기화
160024798,"경남 김해시 대법륜사봉안당",검색 안됨,명칭/주소/전화 동기화
163715858,"거창한국병원장례식장",유사도 낮음,명칭/주소/전화 동기화
195666545,"울산 북구 울산국화원장례식장 북울산지점",검색 안됨,명칭/주소/전화 동기화
228592605,"경남 거창군 거창사건추모공원 위령탑",검색 안됨,명칭/주소/전화 동기화
408479895,"경기 안성시 서흥김씨 납골당",검색 안됨,명칭/주소/전화 동기화
416906628,"충청남도 아산시 아산충무병원 국화원",검색 안됨,명칭/주소/전화 동기화
468526445,"경북 안동시 경북도립노인전문요양병원 장례식장",검색 안됨,명칭/주소/전화 동기화
468710958,"경남 양산시 천주교부산교구 하늘공원 봉안당",검색 안됨,명칭/주소/전화 동기화
484589358,"제주특별자치도 제주시 옥불사 봉안당",검색 안됨,명칭/주소/전화 동기화
527306837,"전남 진도군 향동밀양박씨청제공파납골당",검색 안됨,명칭/주소/전화 동기화
530077252,"충북 옥천군 초계주씨봉안당",검색 안됨,명칭/주소/전화 동기화
586420417,"경기 남양주시 무향사 수목장",검색 안됨,명칭/주소/전화 동기화
596087834,"일산수목장",유사도 낮음,명칭/주소/전화 동기화
597838670,"경기 광주시 ROTC추모공원",검색 안됨,명칭/주소/전화 동기화
601564584,"서울 서초구 서울추모공원 접수실",검색 안됨,명칭/주소/전화 동기화
609053243,"대구 동구 강남요양병원 장례식장",검색 안됨,명칭/주소/전화 동기화
659450306,"경북 성주군 하늘추모관",검색 안됨,명칭/주소/전화 동기화
692979791,"세종특별자치시 정안세종로 은하수공원 봉안당",검색 안됨,명칭/주소/전화 동기화
713488814,"서울 강북구 번동성당 장례식장",검색 안됨,명칭/주소/전화 동기화
736551892,"경북 안동시 안동추모공원 봉안",검색 안됨,명칭/주소/전화 동기화
745057112,"경북 영천시 법보사추모공원",검색 안됨,명칭/주소/전화 동기화
759278611,"경북 칠곡군 대구시립공원묘지 추모의집",검색 안됨,명칭/주소/전화 동기화
764802391,"경기 파주시 용미리 수목장713",검색 안됨,명칭/주소/전화 동기화
782191512,"경남 거창군 거창사건추모공원 천유문",검색 안됨,명칭/주소/전화 동기화
805839542,"경북 칠곡군 현대공원 제2묘원 추모의집",검색 안됨,명칭/주소/전화 동기화
809271001,"부산 사하구 한빛요양병원 장례식장",검색 안됨,명칭/주소/전화 동기화
817564265,"강원특별자치도 춘천시 동산추모공원 수목장",검색 안됨,명칭/주소/전화 동기화
821913922,"전남 보성군 삼호병원 장례식장",검색 안됨,명칭/주소/전화 동기화
844923743,"경기 김포시 김포시공설봉안당",검색 안됨,명칭/주소/전화 동기화
851590981,"강원특별자치도 삼척시 삼척추모공원 2단지 국가유공자보훈존",검색 안됨,명칭/주소/전화 동기화
886284015,"납골당",유사도 낮음,명칭/주소/전화 동기화
952503893,"화성함백산추모공원 수목장",유사도 낮음,명칭/주소/전화 동기화
973962748,"경북 상주시 열방센터 추모공원",검색 안됨,명칭/주소/전화 동기화
991628826,"제주특별자치도 서귀포시 신산장례식장",검색 안됨,명칭/주소/전화 동기화
997742163,"충청남도 서천군 장례식장상예원",검색 안됨,명칭/주소/전화 동기화
1021332092,"강원특별자치도 정선군 함백광업소 추모공원",검색 안됨,명칭/주소/전화 동기화
1061863624,"경남 함안군 아라한국병원 장례식장",검색 안됨,명칭/주소/전화 동기화
1083906671,"대전 동구 푸디스트 쉴낙원남대전장례식장",검색 안됨,명칭/주소/전화 동기화
1113018015,"광주 북구 무등장례식장",검색 안됨,명칭/주소/전화 동기화
1125531611,"경상북도 영주시 실로암추모관",검색 안됨,명칭/주소/전화 동기화
1138433236,"제주특별자치도 서귀포시 제주4.3 성산읍 희생자 추모공원",검색 안됨,명칭/주소/전화 동기화
1169834260,"울산 북구 울산엘리야병원 장례식장",검색 안됨,명칭/주소/전화 동기화
1177570189,"경북 영천시 휴림원 추모공원",검색 안됨,명칭/주소/전화 동기화
1182643292,"제주특별자치도 서귀포시 표선면 4.3추모공원",검색 안됨,명칭/주소/전화 동기화
1211428590,"충청북도 제천시 송학주천장례식장",검색 안됨,명칭/주소/전화 동기화
1213636755,"제주특별자치도 제주시 광령1리 추모공원",검색 안됨,명칭/주소/전화 동기화
1233791196,"하늘납골당",유사도 낮음,명칭/주소/전화 동기화
1239833181,"인천광역시 부평구 인천가족공원 호국봉안담",검색 안됨,명칭/주소/전화 동기화
1251496112,"서울 강서구 화곡본동성당 장례식장",검색 안됨,명칭/주소/전화 동기화
1260795506,"경기 김포시 용문사추모공원",검색 안됨,명칭/주소/전화 동기화
1275380654,"경기 고양시 휴안수기봉안함",검색 안됨,명칭/주소/전화 동기화
1279106262,"전남 무안군 낙안오씨 수옹공 종중 추모공원",검색 안됨,명칭/주소/전화 동기화
1291722315,"충남 금산군 군립납골당",검색 안됨,명칭/주소/전화 동기화
1316674905,"경기 안성시 안성맞춤추모공원",검색 안됨,명칭/주소/전화 동기화
1330187498,"대구 달성군 남지장사수목장",검색 안됨,명칭/주소/전화 동기화
1340769391,"경남 고성군 경남반려동물장례식장 하늘소풍",검색 안됨,명칭/주소/전화 동기화
1356749326,"곤지암추모공원",유사도 낮음,명칭/주소/전화 동기화
1363802223,"벽제수목장",유사도 낮음,명칭/주소/전화 동기화
1377126258,"경기 안성시 안성백련추모공원",검색 안됨,명칭/주소/전화 동기화
1396887495,"경기도 남양주시 봉선사 봉안당",검색 안됨,명칭/주소/전화 동기화
1404257518,"전북특별자치도 완주군 완주군 공설공원묘지 봉안당",검색 안됨,명칭/주소/전화 동기화
1421378431,"강원도 삼척시 주식회사하늘정원장례식장",검색 안됨,명칭/주소/전화 동기화
1425778468,"경기 포천시 전농동성당평화묘원 봉안담",검색 안됨,명칭/주소/전화 동기화
1426929041,"전북특별자치도 완주군 하늘반려장례식장",검색 안됨,명칭/주소/전화 동기화
1430294809,"경남 거창군 거창사건추모공원 안내실",검색 안됨,명칭/주소/전화 동기화
1432447538,"경남 통영시 통영시공설봉안당 2관",검색 안됨,명칭/주소/전화 동기화
1619199420,"은평성모병원 장례식장",유사도 낮음,명칭/주소/전화 동기화
1626219668,"중앙성당 장례식장",유사도 낮음,명칭/주소/전화 동기화
1639400435,"충북 영동군 천화수목장",검색 안됨,명칭/주소/전화 동기화
1645710869,"강원특별자치도 원주시 원주추모공원 휴마루",검색 안됨,명칭/주소/전화 동기화
1654704741,"전라남도 영암군 영암효병원장례식장",검색 안됨,명칭/주소/전화 동기화
1680680474,"경기 남양주시 21그램 반려동물장례식장 남양주점",검색 안됨,명칭/주소/전화 동기화
1685830579,"충남 금산군 기독교추모관",검색 안됨,명칭/주소/전화 동기화
1701994287,"경남 의령군 의령4.26추모공원 위령탑",검색 안됨,명칭/주소/전화 동기화
1738991395,"서울 종로구 막벨라강화추모공원",검색 안됨,명칭/주소/전화 동기화
1745736837,"경남 거창군 거창사건추모공원 거창사건희생자묘역",검색 안됨,명칭/주소/전화 동기화
1757841284,"광주 동구 늘푸른수목장",검색 안됨,명칭/주소/전화 동기화
1758278984,"강원특별자치도 춘천시 동산추모공원 봉안담",검색 안됨,명칭/주소/전화 동기화
1769175050,"부산 남구 추모공원",검색 안됨,명칭/주소/전화 동기화
1791270023,"경남 함양군 한국전쟁전후함양양민희생자추모공원",검색 안됨,명칭/주소/전화 동기화
1802245397,"경북 경주시 대원사추모공원 정토원",검색 안됨,명칭/주소/전화 동기화
1804968871,"서울 구로구 신영복선생 추모공원",검색 안됨,명칭/주소/전화 동기화
1826510121,"제주특별자치도 제주시 북촌리장례식장",검색 안됨,명칭/주소/전화 동기화
1852749379,"전남 나주시 금하 서상록 추모공원",검색 안됨,명칭/주소/전화 동기화
1856848851,"경기 연천군 연천 한맘가족사랑 수목장",검색 안됨,명칭/주소/전화 동기화
1857265265,"경기 화성시 천주교서울대교구 비봉103위성인추모공원",검색 안됨,명칭/주소/전화 동기화
1889924013,"경기 광주시 부활동산 추모공원",검색 안됨,명칭/주소/전화 동기화
1961892058,"부산 수영구 주교좌남천성당 추모관",검색 안됨,명칭/주소/전화 동기화
2055234852,"울산 울주군 남울산국화원 장례식장",검색 안됨,명칭/주소/전화 동기화
2114483229,"대전 서구 증촌추모공원",검색 안됨,명칭/주소/전화 동기화
2139105112,"부산 해운대구 에이치서비스 마린바다장",검색 안됨,명칭/주소/전화 동기화