ID,Name,Type,Address,NormalizedName,Note
"1165633909","낙안장례식장","funeral","전남 순천시 낙안면 읍성로 302","낙안","No exact match in 2023 data"
"23151151","아산참요양병원 장례식장","funeral","충남 아산시 염치읍 송곡안길 31","아산참요양병원","No exact match in 2023 data"
"17569715","홍성추모공원 유택동산","park","충남 홍성군 금마면 봉서리 117","홍성추모공원유택동산","No exact match in 2023 data"
"23972280","공동장례식장","funeral","제주특별자치도 서귀포시 남원읍 서성로 955-24","공동","No exact match in 2023 data"
"8111240","탄현베스트장례식장","funeral","경기 고양시 일산서구 경의로 816-1","탄현베스트","No exact match in 2023 data"
"991628826","신산장례식장","funeral","제주특별자치도 서귀포시 성산읍 독자봉로 281","신산","No exact match in 2023 data"
"21209288","구미아성병원 장례식장","funeral","경북 구미시 선기로 155-23","구미아성병원","No exact match in 2023 data"
"9","분당 스카이캐슬","charnel","경기도 광주시 오포읍 신현로 116","분당스카이캐슬","No exact match in 2023 data"
"11387091","우리추모공원","park","경북 울진군 기성면 기성로 912-24","우리추모공원","No exact match in 2023 data"
"8","용인공원","complex","경기도 용인시 처인구 모현읍 새래로 158-33","용인공원","No exact match in 2023 data"
"1071334482","정수사 납골당","charnel","부산 연제구 톳고개로 60","정수사납골당","No exact match in 2023 data"
"14","무지개추모공원","charnel","경기도 김포시 통진읍 옹정리 123","무지개추모공원","No exact match in 2023 data"
"1548526636","오수 펫 추모공원","pet","전북특별자치도 임실군 오수면 춘향로 1554-95","오수펫추모공원","No exact match in 2023 data"
"15","동화경모공원","park","경기도 파주시 탄현면 헤이리로 12-34","동화경모공원","No exact match in 2023 data"
"16","양평 무궁화공원","natural","경기도 양평군 서종면 국수리 456","양평무궁화공원","No exact match in 2023 data"
"622095104","양주한국병원 장례문화원","funeral","경기 양주시 화합로 1489","양주한국병원장례문화원","No exact match in 2023 data"
"25616080","하나노인전문병원 장례식장","funeral","충북 청주시 서원구 대림로 431","하나노인전문병원","No exact match in 2023 data"
"20","약사사 추모관 (불교)","charnel","경기도 부천시 성주로 123","약사사추모관(불교)","No exact match in 2023 data"
"296943174","법왕청추모관","charnel","충청북도 청주시 상당구 미원면 단재로 2776 (쌍이리)","법왕청추모관","No exact match in 2023 data"
"857158193","반려동물장례식장 하얀민들레","pet","경북 청도군 화양읍 남성현로 852","반려동물장례식장하얀민들레","No exact match in 2023 data"
"1379518168","대청병원 장례식장","funeral","대전 서구 계백로 1322","대청병원","No exact match in 2023 data"
"26815919","유성한가족요양병원 장례식장","funeral","대전 유성구 온천동로 43","유성한가족요양병원","No exact match in 2023 data"
"9876328","성서효요양병원 장례식장","funeral","대구 달서구 달구벌대로 1152","성서효요양병원","No exact match in 2023 data"
"702270295","결초보은 추모공원","park","충청북도 보은군 보은읍 속리산로 37 (누청리)","결초보은추모공원","No exact match in 2023 data"
"8436907","순천향대학교부천병원 장례식장","funeral","경기 부천시 원미구 조마루로 170","순천향대학교부천병원","No exact match in 2023 data"
"1239297313","자연애숲수목장","natural","경기 고양시 일산동구 지영로194번길 135","자연애숲수목장","No exact match in 2023 data"
"27557465","평화추모공원","park","인천 강화군 하점면 창후로 90-35","평화추모공원","No exact match in 2023 data"
"997742163","상예원 장례식장","funeral","충남 서천군 장항읍 장항산단로 344","상예원","No exact match in 2023 data"
"24962314","석곡장례식장","funeral","전남 곡성군 석곡면 주석로 657-5","석곡","No exact match in 2023 data"
"8779146","신어공원추모관","charnel","경남 김해시 상동면 소락로 23","신어공원추모관","No exact match in 2023 data"
"1080807582","합천군 합천장례식장","funeral","경남 합천군 대양면 동부로 64-2","합천군합천","No exact match in 2023 data"
"15661419","청양훈요양병원 장례식장","funeral","충남 청양군 청양읍 칠갑산로 157","청양훈요양병원","No exact match in 2023 data"
"1632579326","안동추모공원","park","경북 안동시 풍산읍 노리 191","안동추모공원","No exact match in 2023 data"
"9443246","천불사 납골당","charnel","경남 양산시 매곡4길 35","천불사납골당","No exact match in 2023 data"
"16068131","녹색병원 장례식장","funeral","서울 중랑구 사가정로49길 53","녹색병원","No exact match in 2023 data"
"2130355249","삼우정사 삼우추모공원","park","경남 거제시 장목면 거제북로 919","삼우정사삼우추모공원","No exact match in 2023 data"
"10656218","연천군보건의료원 장례식장","funeral","경기 연천군 전곡읍 은대성로 95","연천군보건의료원","No exact match in 2023 data"
"25623297","그린피아수목장","natural","경남 밀양시 삼랑진읍 화성길 13-47","그린피아수목장","No exact match in 2023 data"
"9492822","원광대학교병원 장례문화원","funeral","전북특별자치도 익산시 인북로 409","원광대학교병원장례문화원","No exact match in 2023 data"
"17314753","청담동성당 장례식장","funeral","서울 강남구 삼성로 720","청담동성당","No exact match in 2023 data"
"468526445","경북도립노인전문요양병원 장례식장","funeral","경북 안동시 남후면 남일로 1463","경북도립노인전문요양병원","No exact match in 2023 data"
"1978053426","김해추모의공원 제2봉안당","charnel","경남 김해시 주촌면 서부로1637번길 574","김해추모의공원제2봉안당","No exact match in 2023 data"
"11318030","S병원 장례식장","funeral","대구 달서구 와룡로 57","S병원","No exact match in 2023 data"
"11964532","국립중앙의료원 장례식장","funeral","서울특별시 중구 을지로 245 (을지로6가, 국립중앙의료원)","국립중앙의료원","No exact match in 2023 data"
"137818508","혼길장례식장","funeral","제주특별자치도 제주시 공항서로 131 (도두이동)","혼길","No exact match in 2023 data"
"7907211","부안효요양병원 장례식장","funeral","전북특별자치도 부안군 행안면 염소로 25","부안효요양병원","No exact match in 2023 data"
"1233228690","로고스장례식장","funeral","충남 천안시 동남구 청수로 123-11","로고스","No exact match in 2023 data"
"1607178921","남해추모누리공원 자연장지","natural","경상남도 남해군 서면 연죽로 46-77 (연죽리, 남해공설종합묘원추모누리)","남해추모누리공원자연장지","No exact match in 2023 data"
"1441772196","거제늘푸른수목장","natural","경남 거제시 사등면 지석로 216","거제늘푸른수목장","No exact match in 2023 data"
"1401689805","의정부연세장례식장","funeral","경기 의정부시 호국로 1342","의정부연세","No exact match in 2023 data"
"851590981","삼척추모공원 2단지 국가유공자보훈존","park","강원특별자치도 삼척시 강원남부로 4540","삼척추모공원2단지국가유공자보훈존","No exact match in 2023 data"
"11588210","한성병원 장례예식장","funeral","대구 북구 칠성남로30길 28","한성병원장례예식장","No exact match in 2023 data"
"836116024","자연숲추모공원 수목장림","park","전라남도 장성군 삼계면 영장로 900-53 (부성리)","자연숲추모공원수목장림","No exact match in 2023 data"
"609053243","강남요양병원 장례식장","funeral","대구 동구 동촌로 207","강남요양병원","No exact match in 2023 data"
"8001733","근로복지공단 안산병원 장례식장","funeral","경기 안산시 상록구 구룡로 87","근로복지공단안산병원","No exact match in 2023 data"
"226654375","초당요양병원 장례식장","funeral","전남 무안군 무안읍 성남1길 97-2","초당요양병원","No exact match in 2023 data"
"1258833590","경각산 수목장","natural","전북특별자치도 임실군 신덕면 불재로 622 (신덕리)","경각산수목장","No exact match in 2023 data"
"1960643171","선진요양병원 장례식장","funeral","대구 달서구 월배로 446","선진요양병원","No exact match in 2023 data"
"11956649","경기도의료원 수원병원 장례식장","funeral","경기 수원시 장안구 수성로245번길 69","경기도의료원수원병원","No exact match in 2023 data"
"26042652","경상남도립통영노인전문병원 장례식장","funeral","경남 통영시 도산면 남해안대로 1818","경상남도립통영노인전문병원","No exact match in 2023 data"
"27373054","신불산추모공원","park","경남 양산시 어실로 602-1","신불산추모공원","No exact match in 2023 data"
"7817465","경기도의료원 안성병원 장례식장","funeral","경기 안성시 남파로 95","경기도의료원안성병원","No exact match in 2023 data"
"2126239060","생극추모공원 신관","park","충북 음성군 생극면 일생로 497-27","생극추모공원신관","No exact match in 2023 data"
"9416381","임실중앙장례식장","funeral","전북특별자치도 임실군 임실읍 호국로 1767","임실중앙","No exact match in 2023 data"
"8452593","순천평화병원 장례식장","funeral","전남 순천시 양율길 180","순천평화병원","No exact match in 2023 data"
"20507820","영주자인병원 장례식장","funeral","경북 영주시 대동로31번길 9","영주자인병원","No exact match in 2023 data"
"354979639","용인수목장","natural","경기 용인시 처인구 양지면 남평로 311","용인수목장","No exact match in 2023 data"
"1113018015","무등장례식장","funeral","광주 북구 서양로 144","무등","No exact match in 2023 data"
"12406207","장림중앙장례식장","funeral","부산 사하구 장림번영로 59","장림중앙","No exact match in 2023 data"
"22506209","하늘소풍장례식장","funeral","경북 구미시 신시로10길 12","하늘소풍","No exact match in 2023 data"
"14651010","광양시립공원묘지 영세장","park","전남 광양시 광양읍 직동1길 300","광양시립공원묘지영세장","No exact match in 2023 data"
"2124823490","일산공감수목장","natural","경기 고양시 일산동구 지영로194번길 132","일산공감수목장","No exact match in 2023 data"
"26886598","일영수목장","natural","경기 양주시 장흥면 호국로 156","일영수목장","No exact match in 2023 data"
"223357101","남산추모공원","park","경북 경주시 내남면 내외로 1130-16","남산추모공원","No exact match in 2023 data"
"14608319","BHS동래한서요양병원 장례식장","funeral","부산 금정구 중앙대로 1721","BHS동래한서요양병원","No exact match in 2023 data"
"8635458","가톨릭대학교 성빈센트병원 장례식장","funeral","경기 수원시 팔달구 중부대로 93","가톨릭대학교성빈센트병원","No exact match in 2023 data"
"154077586","남양주시 원병원장례식장","funeral","경기 남양주시 화도읍 경춘로 1943-16","남양주시원병원","No exact match in 2023 data"
"12216118","한림대학교 한강성심병원 장례식장","funeral","서울 영등포구 국회대로56길 18","한림대학교한강성심병원","No exact match in 2023 data"
"21538652","대림요양병원 장례식장","funeral","제주특별자치도 제주시 한림읍 한수풀로 60","대림요양병원","No exact match in 2023 data"
"17938982","청주시목련공원묘지 목련원","park","충북 청주시 상당구 목련로 731","청주시목련공원묘지목련원","No exact match in 2023 data"
"8061028","쉴낙원 일산장례식장","funeral","경기 고양시 일산동구 백마로 62","쉴낙원일산","No exact match in 2023 data"
"14650796","고흥종합병원 장례식장","funeral","전남 고흥군 고흥읍 고흥로 1935","고흥종합병원","No exact match in 2023 data"
"24451182","청송농협 장례식장","funeral","경북 청송군 청송읍 중앙로 240","청송농협","No exact match in 2023 data"
"1138433236","제주4.3 성산읍 희생자 추모공원","park","제주특별자치도 서귀포시 성산읍 고성리 224-1","제주4.3성산읍희생자추모공원","No exact match in 2023 data"
"25083955","삼척시추모공원 1단지","park","강원특별자치도 삼척시 강원남부로 4541","삼척시추모공원1단지","No exact match in 2023 data"
"11","인천 해양장 (바다장)","sea","인천광역시 중구 연안부두로 36","인천해양장(바다장)","No exact match in 2023 data"
"12","부산 연안 해양장","sea","부산광역시 해운대구 달맞이길 62","부산연안해양장","No exact match in 2023 data"
"22676989","대구연세요양병원 장례식장","funeral","대구 서구 북비산로 156","대구연세요양병원","No exact match in 2023 data"
"14650794","좋은삼선병원 장례식장","funeral","부산 사상구 가야대로 326","좋은삼선병원","No exact match in 2023 data"
"10866033","하나병원 장례식장","funeral","부산 사하구 다대로 311","하나병원","No exact match in 2023 data"
"2139105112","에이치서비스 마린바다장","sea","부산 해운대구 해운대해변로 84","에이치서비스마린바다장","No exact match in 2023 data"
"13","서라벌공원묘원 (불교)","park","경상북도 경주시 외동읍 서라벌로 123","서라벌공원묘원(불교)","No exact match in 2023 data"
"14650782","가천대길병원 장례식장","funeral","인천 남동구 인주대로653번길 56","가천대길병원","No exact match in 2023 data"
"4","용인 평온의 숲","natural","경기도 용인시 처인구 이동읍 평온의숲로 77","용인평온의숲","No exact match in 2023 data"
"72060193","안성제일교회 수목장","natural","경기도 안성시 삼죽면 율곡리 산108-12","안성제일교회수목장","No exact match in 2023 data"
"27182493","서울시립용미리제1공원묘지 왕릉벽식추모의집","park","경기 파주시 광탄면 명봉산로262번길 290","서울시립용미리제1공원묘지왕릉벽식추모의집","No exact match in 2023 data"
"26822081","고신대학교복음병원","funeral","부산 서구 감천로 262","고신대학교복음","No exact match in 2023 data"
"2006387861","영주국화원장례식장","funeral","경북 영주시 신재로 167","영주국화원","No exact match in 2023 data"
"1184011668","여수 여천장례식장","funeral","전남 여수시 좌수영로 749","여수여천","No exact match in 2023 data"
"18383880","한림대학교 동탄성심병원 장례식장","funeral","경기 화성시 석우동 40","한림대학교동탄성심병원","No exact match in 2023 data"
"9155168","1004반려동물장례식장","pet","전남 순천시 서면 순천로 260-1","1004반려동물","No exact match in 2023 data"
"2070281744","태안군 안면도장례식장","funeral","충남 태안군 안면읍 안면대로 2642","태안군안면도","No exact match in 2023 data"
"9943507","신천제일요양병원 장례식장","funeral","경기 시흥시 호현로10번길 7-1","신천제일요양병원","No exact match in 2023 data"
"1436735639","펫포레스트 반려동물장례식장 남양주점","pet","경기 남양주시 와부읍 수레로 699","펫포레스트반려동물장례식장남양주점","No exact match in 2023 data"
"25084101","순천시립추모공원 봉안당","park","전남 순천시 양율길 132","순천시립추모공원봉안당","No exact match in 2023 data"
"16284176","순천향대학교 구미병원 장례식장","funeral","경북 구미시 1공단로 179","순천향대학교구미병원","No exact match in 2023 data"
"26822740","강릉고려병원","funeral","강원특별자치도 강릉시 옥가로 30","강릉고려","No exact match in 2023 data"
"17","천안공원묘원","park","충청남도 천안시 동남구 광덕면 광덕로 567","천안공원묘원","No exact match in 2023 data"
"15745044","새롬재활요양병원 장례식장","funeral","경남 함안군 칠원읍 예곡1길 13","새롬재활요양병원","No exact match in 2023 data"
"17573805","청주성모병원 장례식장","funeral","충청북도 청주시 청원구 주성로 173-19 (주중동)","청주성모병원","No exact match in 2023 data"
"10156881","광혜병원 장례식장","funeral","부산 동래구 미남로146번길 11","광혜병원","No exact match in 2023 data"
"1233791196","하늘납골당","charnel","경기 파주시 광탄면 명봉산로 277","하늘납골당","No exact match in 2023 data"
"10178986","경기도의료원 의정부병원 장례식장","funeral","경기 의정부시 흥선로 142","경기도의료원의정부병원","No exact match in 2023 data"
"747969811","파주수목장","natural","경기 고양시 덕양구 호국로 1393","파주수목장","No exact match in 2023 data"
"692979791","은하수공원 봉안당","charnel","세종특별자치시 정안세종로 1527","은하수공원봉안당","No exact match in 2023 data"
"627151634","김해추모의공원 납골당","charnel","경남 김해시 주촌면 서부로1637번길 574","김해추모의공원납골당","No exact match in 2023 data"
"235444830","이담장례식장","funeral","경기 동두천시 삼육사로 747","이담","No exact match in 2023 data"
"692846251","쉴낙원 양산시민장례식장","funeral","경남 양산시 상북면 와곡1길 26","쉴낙원양산시민","No exact match in 2023 data"
"952503893","화성함백산추모공원 수목장","park","경기 화성시 매송면 숙곡리 산 2-2","화성함백산추모공원수목장","No exact match in 2023 data"
"2057213317","거창사건추모공원 이벤트광장","park","경남 거창군 신원면 신차로 2924","거창사건추모공원이벤트광장","No exact match in 2023 data"
"1115312660","우석장례식장","funeral","전북특별자치도 김제시 서암4길 45","우석","No exact match in 2023 data"
"396362882","사천시누리원 봉안당","charnel","경남 사천시 해안관광로 208-66","사천시누리원봉안당","No exact match in 2023 data"
"1624393192","여수 경산장례식장","funeral","전남 여수시 시청로 145","여수경산","No exact match in 2023 data"
"1578101566","쉴낙원 부산세웅장례식장","funeral","부산 동래구 충렬대로 455","쉴낙원부산세웅","No exact match in 2023 data"
"716415280","동화경모공원 추모관","charnel","경기 파주시 탄현면 헤이리로 98","동화경모공원추모관","No exact match in 2023 data"
"26983814","현대예담문화원 장례식장","funeral","충남 태안군 태안읍 환동로 31","현대예담문화원","No exact match in 2023 data"
"26950689","메디팜요양병원 장례식장","funeral","전남 순천시 양율길 306","메디팜요양병원","No exact match in 2023 data"
"18260492","영광농협장례식장","funeral","전남 영광군 영광읍 영대로 213","영광농협","No exact match in 2023 data"
"11132000","송현효병원 장례식장","funeral","대구 달서구 월배로 384","송현효병원","No exact match in 2023 data"
"796889538","세종장례식장","funeral","충북 제천시 송학주천로 46","세종","No exact match in 2023 data"
"759278611","대구시립공원묘지 추모의집","park","경북 칠곡군 지천면 낙산로 87","대구시립공원묘지추모의집","No exact match in 2023 data"
"11883430","천국의계단추모관","charnel","전남 무안군 일로읍 죽사동길 179-126","천국의계단추모관","No exact match in 2023 data"
"1824278255","아미타불교요양병원 장례식장","funeral","경기 안성시 죽산면 녹배길 139","아미타불교요양병원","No exact match in 2023 data"
"538699392","삼척시추모공원2단지 묘지및자연장","park","강원특별자치도 삼척시 강원남부로 4540","삼척시추모공원2단지묘지및자연장","No exact match in 2023 data"
"8180553","옥산전문장례식장","funeral","경북 경산시 서상길 84","옥산전문","No exact match in 2023 data"
"1225280704","중앙요양병원 장례식장","funeral","대구 달서구 월배로83길 14","중앙요양병원","No exact match in 2023 data"
"1319006740","공주나래원 수목장","natural","충남 공주시 이인면 운암리 225","공주나래원수목장","No exact match in 2023 data"
"11057552","좌천봉생병원 장례식장","funeral","부산 동구 중앙대로 401","좌천봉생병원","No exact match in 2023 data"
"14650898","해성병원 장례식장","funeral","경북 봉화군 봉화읍 보밑길 3","해성병원","No exact match in 2023 data"
"27356689","여여정사 수목장","natural","경상남도 밀양시 삼랑진읍 행곡1길 180-158 (행곡리)","여여정사수목장","No exact match in 2023 data"
"14831229","양주예쓰병원 장례식장","funeral","경기 양주시 회정로109번길 7-20","양주예쓰병원","No exact match in 2023 data"
"19469580","효성요양병원 장례식장","funeral","전남 목포시 양을로 456","효성요양병원","No exact match in 2023 data"
"868214786","단원병원 장례문화원","funeral","경기 안산시 단원구 원포공원로 10","단원병원장례문화원","No exact match in 2023 data"
"130291220","진주제일교회 수목장","natural","경상남도 진주시 일반성면 운천리 산96","진주제일교회수목장","No exact match in 2023 data"
"1126865226","휴안추모관","charnel","경남 김해시 상동면 상동로 178-54","휴안추모관","No exact match in 2023 data"
"1578129924","목포추모공원 추모의집","park","전라남도 목포시 고하대로 1140-41 (대양동)","목포추모공원추모의집","No exact match in 2023 data"
"26236849","용인불광사 양지수목장","natural","경기 용인시 처인구 백암면 박곡로208번길 24","용인불광사양지수목장","No exact match in 2023 data"
"8108689","청기와장례식장 송림점","funeral","인천 동구 방축로177번길 23","청기와장례식장송림점","No exact match in 2023 data"
"586420417","무향사 수목장","natural","경기 남양주시 수동면 비룡로 864-17","무향사수목장","No exact match in 2023 data"
"24847958","의정부장례식장","funeral","경기 의정부시 체육로 113-18","의정부","No exact match in 2023 data"
"23066928","건양대학교 부여병원 장례식장","funeral","충남 부여군 부여읍 계백로 200","건양대학교부여병원","No exact match in 2023 data"
"16151342","김포문수산수목장","natural","경기도 김포시 월곶면 문수산로 8 (포내리)","김포문수산수목장","No exact match in 2023 data"
"9935284","고창고인돌장례식장","funeral","전북특별자치도 고창군 고창읍 녹두로 1295","고창고인돌","No exact match in 2023 data"
"25733665","서산시희망공원 봉안당","charnel","충남 서산시 인지면 무학재2길 106","서산시희망공원봉안당","No exact match in 2023 data"
"26806081","삼천포시민장례식장","funeral","경남 사천시 송포공단길 31","삼천포시민","No exact match in 2023 data"
"8817523","김포연화산추모공원","park","경기도 김포시 하성면 연화봉로 81-78 (마조리)","김포연화산추모공원","No exact match in 2023 data"
"7885191","백제종합병원","funeral","충남 논산시 시민로294번길 14","백제종합","No exact match in 2023 data"
"1221791816","태찬장례식장","funeral","경북 김천시 농공단지길 20-22","태찬","No exact match in 2023 data"
"13494405","대구가톨릭대학교병원 장례식장","funeral","대구 남구 두류공원로17길 33","대구가톨릭대학교병원","No exact match in 2023 data"
"855337976","구미추모공원","park","경북 구미시 옥성면 추모공원로 81","구미추모공원","No exact match in 2023 data"
"11468088","가톨릭대학교 부천성모병원 장례식장","funeral","경기 부천시 원미구 소사로 327","가톨릭대학교부천성모병원","No exact match in 2023 data"
"12884046","통영서울병원","funeral","경남 통영시 광도면 남해안대로 857","통영서울","No exact match in 2023 data"
"8459121","용안천주교장례식장","funeral","전북특별자치도 익산시 용안면 현내1로 84","용안천주교","No exact match in 2023 data"
"4201810","강북요양병원 장례식장","funeral","대구 북구 칠곡중앙대로 504-6","강북요양병원","No exact match in 2023 data"
"17573815","근로복지공단인천병원 장례식장","funeral","인천 부평구 무네미로 446","근로복지공단인천병원","No exact match in 2023 data"
"14650910","경기도의료원 이천병원 장례식장","funeral","경기 이천시 경충대로 2742","경기도의료원이천병원","No exact match in 2023 data"
"1309424430","용인제일메디병원 장례식장","funeral","경기 용인시 처인구 포곡읍 포곡로210번길 21-11","용인제일메디병원","No exact match in 2023 data"
"1777745928","청솔수목장","natural","경기도 김포시 월곶면 애기봉로409번길 82-11 (개곡리)","청솔수목장","No exact match in 2023 data"
"22959452","강촌수목장추모공원","park","강원특별자치도 춘천시 남산면 봉의텃골길 149-10","강촌수목장추모공원","No exact match in 2023 data"
"2","시안가족추모공원","complex","경기도 광주시 오포읍 문형산길 85","시안가족추모공원","No exact match in 2023 data"
"7981327","봉안당홈","charnel","경기 성남시 분당구 판교로 808","봉안당홈","No exact match in 2023 data"
"17093591","동래봉생병원 SKY보람장례식장","funeral","부산 동래구 충렬대로348번길 23","동래봉생병원SKY보람","No exact match in 2023 data"
"23965618","우도장례식장","funeral","제주특별자치도 제주시 우도면 영일길 80-10","우도","No exact match in 2023 data"
"1876293820","장례식장바바카페","funeral","경기 용인시 처인구 이동읍 평온의숲로 77","장례식장바바카페","No exact match in 2023 data"
"762804949","반려동물장례식장 스타티스","pet","부산 기장군 일광읍 차양길 175","반려동물장례식장스타티스","No exact match in 2023 data"
"25083727","여수시립공원묘원 제2봉안당","park","전남 여수시 소라면 의곡길 494","여수시립공원묘원제2봉안당","No exact match in 2023 data"
"281591209","순천반려동물장례식장하늘별","pet","전남 순천시 별량면 송산길 259","순천반려동물장례식장하늘별","No exact match in 2023 data"
"7819836","한우리장례식장","funeral","전남 나주시 왕곡면 영산포로 30-11","한우리","No exact match in 2023 data"
"1826510121","북촌리장례식장","funeral","제주특별자치도 제주시 조천읍 북선로 144","북촌리","No exact match in 2023 data"
"9770683","모란공원묘지","park","경기 남양주시 화도읍 경춘로2110번길 8-102","모란공원묘지","No exact match in 2023 data"
"14650820","하나성심병원 장례식장","funeral","경기 김포시 통진읍 김포대로 2110-44","하나성심병원","No exact match in 2023 data"
"11817207","서울시립용미리제2공원묘지 추모의집","park","경기 파주시 광탄면 진지로 151","서울시립용미리제2공원묘지추모의집","No exact match in 2023 data"
"141045382","베다니수목장","natural","전라남도 순천시 서면 압곡리 156-2","베다니수목장","No exact match in 2023 data"
"25704200","서광병원 장례식장","funeral","광주 서구 금화로59번길 6","서광병원","No exact match in 2023 data"
"885034561","공도장례식장","funeral","경기 안성시 원곡면 기업단지로 271","공도","No exact match in 2023 data"
"27465346","별그리다 봉안담","charnel","경기 양평군 양동면 양동금곡1길 331","별그리다봉안담","No exact match in 2023 data"
"9368776","효사랑병원 장례식장","funeral","경기 연천군 전곡읍 평화로 525","효사랑병원","No exact match in 2023 data"
"24974745","하늘안추모공원","park","경기 양주시 평화로1261번길 372-146","하늘안추모공원","No exact match in 2023 data"
"125086230","하늘바다해양장","sea","경상북도 포항시 북구 중흥로309번길 35 (죽도동)","하늘바다해양장","No exact match in 2023 data"
"18853299","원당장례식장","funeral","경기 고양시 덕양구 고양대로 1359-5","원당","No exact match in 2023 data"
"836888606","의성제일병원 장례식장","funeral","경북 의성군 의성읍 홍술로 94","의성제일병원","No exact match in 2023 data"
"2104093117","황금요양병원 장례식장","funeral","대구광역시 수성구 수성로 216.2층 (2층)","황금요양병원","No exact match in 2023 data"
"21208975","정다운요양병원 장례식장","funeral","경남 창원시 마산회원구 봉양로 160","정다운요양병원","No exact match in 2023 data"
"21304081","포항시민장례식장","funeral","경북 포항시 북구 새천년대로 1191","포항시민","No exact match in 2023 data"
"14650915","연세대학교 강남장례식장","funeral","서울특별시 강남구 언주로 211 (도곡동, 강남세브란스병원)","연세대학교강남","No exact match in 2023 data"
"1680680474","21그램 반려동물장례식장 남양주점","pet","경기 남양주시 화도읍 수레로964번길 86","21그램반려동물장례식장남양주점","No exact match in 2023 data"
"27126806","국제성모병원 장례식장","funeral","인천 서구 심곡동 291","국제성모병원","No exact match in 2023 data"
"21546125","천불사 수목장","natural","경상남도 밀양시 삼랑진읍 행곡3길 68-72 (행곡리)","천불사수목장","No exact match in 2023 data"
"17578912","아주대학교병원 장례식장","funeral","경기 수원시 영통구 광교중앙로49번길 46","아주대학교병원","No exact match in 2023 data"
"124076980","별의정원 진주추모공원","park","경남 진주시 대평면 원당길158번길 6","별의정원진주추모공원","No exact match in 2023 data"
"13054355","안심요양병원 장례식장","funeral","대구 동구 안심로41길 50","안심요양병원","No exact match in 2023 data"
"8308702","청도대남장례식장","funeral","경북 청도군 화양읍 청화로 79-7","청도대남","No exact match in 2023 data"
"7936735","서울특별시동부병원 장례식장","funeral","서울 동대문구 무학로 124","서울특별시동부병원","No exact match in 2023 data"
"25733674","부산영락공원 제1영락원 봉안당","charnel","부산 금정구 금정도서관로 108","부산영락공원제1영락원봉안당","No exact match in 2023 data"
"1565367024","함덕제주장례식장","funeral","제주특별자치도 제주시 조천읍 함덕남2길 14","함덕제주","No exact match in 2023 data"
"8587174","하양삼성의원 장례식장","funeral","경북 경산시 하양읍 대경로 795","하양삼성의원","No exact match in 2023 data"
"424249178","영평사추모공원","park","세종특별자치시 장군면 영평사길 124","영평사추모공원","No exact match in 2023 data"
"14650778","부천세종병원 장례식장","funeral","경기 부천시 소사구 호현로489번길 28","부천세종병원","No exact match in 2023 data"
"2074852708","창원경상국립대학교병원 장례식장","funeral","경남 창원시 성산구 삼정자로 9","창원경상국립대학교병원","No exact match in 2023 data"
"10697194","원광대학교산본병원 장례식장","funeral","경기 군포시 산본로 321","원광대학교산본병원","No exact match in 2023 data"
"14650752","진도한국병원 장례식장","funeral","전남 진도군 진도읍 남문길 48","진도한국병원","No exact match in 2023 data"
"11224033","태찬장례식장","funeral","경북 김천시 농공단지길 20-22","태찬","No exact match in 2023 data"
"27354347","목포추모관휴","charnel","전남 목포시 고하대로 1140-41","목포추모관휴","No exact match in 2023 data"
"1783439252","신세계요양병원 장례식장","funeral","경남 창원시 마산회원구 내서읍 죽암로 89","신세계요양병원","No exact match in 2023 data"
"12978247","여의도성모병원 장례식장","funeral","서울 영등포구 63로 10","여의도성모병원","No exact match in 2023 data"
"25084118","인제종합장묘센터 봉안당","charnel","강원특별자치도 인제군 남면 자작나무숲길 444-62","인제종합장묘센터봉안당","No exact match in 2023 data"
"25083553","천주의성요한병원 장례식장","funeral","광주 북구 태봉로 32","천주의성요한병원","No exact match in 2023 data"
"21254985","실로암사랑병원 장례식장","funeral","전북특별자치도 익산시 선화로 389","실로암사랑병원","No exact match in 2023 data"
"23893413","아카시아병원장례식장","funeral","서울 금천구 시흥대로114길 5","아카시아병원","No exact match in 2023 data"
"19364863","의왕시티병원 장례식장","funeral","경기 의왕시 오전천로 29","의왕시티병원","No exact match in 2023 data"
"1363802223","벽제수목장","natural","경기 고양시 덕양구 호국로 1393","벽제수목장","No exact match in 2023 data"
"16095749","기독교봉안당장례","funeral","서울 구로구 디지털로 306","기독교봉안당장례","No exact match in 2023 data"
"25083848","서울의료원 장례식장","funeral","서울 중랑구 신내로 156","서울의료원","No exact match in 2023 data"
"1767839495","쉴낙원 오산동탄장례식장","funeral","경기 오산시 경기대로658번길 30","쉴낙원오산동탄","No exact match in 2023 data"
"12164683","M병원 장례식장","funeral","대구 북구 팔달로 147","M병원","No exact match in 2023 data"
"16026415","대원장례식장","funeral","광주 북구 삼소로 133-22","대원","No exact match in 2023 data"
"26915303","이편안요양병원 장례문화원","funeral","경기 평택시 안중읍 서동대로 1831-16","이편안요양병원장례문화원","No exact match in 2023 data"
"25733612","하남마루공원 봉안당","charnel","경기 하남시 하남대로545번길 22-30","하남마루공원봉안당","No exact match in 2023 data"
"2029819026","대구이로운전문장례식장","funeral","대구광역시 달성군 다사읍 달구벌대로 893 (매곡리)","대구이로운전문","No exact match in 2023 data"
"1479168265","정다운장례식장","funeral","전남 목포시 영산로 710-11","정다운","No exact match in 2023 data"
"104599373","양산부산대학교병원 장례식장","funeral","경남 양산시 물금읍 금오로 20","양산부산대학교병원","No exact match in 2023 data"
"19575937","팔봉장례식장","funeral","전북특별자치도 익산시 무왕로 1671","팔봉","No exact match in 2023 data"
"8131868","교원예움 평택장례식장","funeral","경기 평택시 신평로 205","교원예움평택","No exact match in 2023 data"
"8161560","우신장례식장","funeral","서울 관악구 시흥대로 572","우신","No exact match in 2023 data"
"1956927826","성산읍공설묘지 봉안당","charnel","제주특별자치도 서귀포시 성산읍 금백조로 548","성산읍공설묘지봉안당","No exact match in 2023 data"
"365231036","영광군공설추모공원","park","전남 영광군 군남면 광암로 174","영광군공설추모공원","No exact match in 2023 data"
"26578373","매운이정희선생추모공원","park","경북 청도군 화양읍 유등리 산 188","매운이정희선생추모공원","No exact match in 2023 data"
"10662098","보람여주장례식장","funeral","경기 여주시 세종대왕면 중부대로 2710-48","보람여주","No exact match in 2023 data"
"9331496","원주민중요양병원 장례식장","funeral","강원특별자치도 원주시 북원로 2636","원주민중요양병원","No exact match in 2023 data"
"9238698","양산농협 양산장례식장","funeral","경남 양산시 동면 남양산길 73","양산농협양산","No exact match in 2023 data"
"26423294","포천영북농협장례식장","funeral","경기 포천시 영북면 호국로 3761","포천영북농협","No exact match in 2023 data"
"18553952","박경리추모공원","park","경남 통영시 산양읍 산양중앙로 177","박경리추모공원","No exact match in 2023 data"
"1496969061","여주세종추모공원","park","경기 여주시 흥천면 샘다리길 105","여주세종추모공원","No exact match in 2023 data"
"9492841","천안충무병원 장례식장","funeral","충남 천안시 서북구 다가말3길 8","천안충무병원","No exact match in 2023 data"
"1619199420","은평성모병원 장례식장","funeral","서울 은평구 통일로 1021","은평성모병원","No exact match in 2023 data"
"27519156","김포우리병원 장례식장","funeral","경기 김포시 감암로 11","김포우리병원","No exact match in 2023 data"
"10390950","백제종합병원 장례식장","funeral","충남 논산시 시민로294번길 14","백제종합병원","No exact match in 2023 data"
"10708888","우석장례식장","funeral","전북특별자치도 익산시 목천로 118","우석","No exact match in 2023 data"
"57994546","대전추모공원","park","대전 서구 상보안윗길 137-13","대전추모공원","No exact match in 2023 data"
"1321835894","화성유일병원 장례식장","funeral","경기 화성시 남양읍 남양로920번길 8-8","화성유일병원","No exact match in 2023 data"
"397779270","한국불교 치악산관음사 봉안당","charnel","강원특별자치도 원주시 행구로 533-3","한국불교치악산관음사봉안당","No exact match in 2023 data"
"16078860","고려대학교 안산병원 장례식장","funeral","경기 안산시 단원구 적금로 123","고려대학교안산병원","No exact match in 2023 data"
"17577720","영남대학교병원 장례식장","funeral","대구 남구 현충로 170","영남대학교병원","No exact match in 2023 data"
"17646267","동화추모공원","park","경기도 용인시 처인구 백암면 한택로71번길 19 (옥산리)","동화추모공원","No exact match in 2023 data"
"694361914","자임메모리얼파크","park","전북특별자치도 전주시 완산구 콩쥐팥쥐로 1705-108","자임메모리얼파크","No exact match in 2023 data"
"9860393","성제요양병원 장례식장","funeral","경북 의성군 안계면 안계길 200","성제요양병원","No exact match in 2023 data"
"844224340","일산추모공원","park","경기 고양시 덕양구 호국로 1393","일산추모공원","No exact match in 2023 data"
"562337980","장호원요양병원 장례식장","funeral","경기 이천시 장호원읍 샘재로145번길 35","장호원요양병원","No exact match in 2023 data"
"601564584","서울추모공원 접수실","park","서울 서초구 양재대로12길 74","서울추모공원접수실","No exact match in 2023 data"
"24942464","한림정낭장례식장","funeral","제주특별자치도 제주시 한림읍 명랑로 76","한림정낭","No exact match in 2023 data"
"25898867","한사랑병원 장례문화센터","funeral","경기 안산시 상록구 광덕1로 345","한사랑병원장례문화센터","No exact match in 2023 data"
"599989601","남도추모공원","park","전남 나주시 문평면 월암로 1050","남도추모공원","No exact match in 2023 data"
"25738341","부산영락공원 제2영락원 봉안당","charnel","부산 금정구 금정도서관로 108","부산영락공원제2영락원봉안당","No exact match in 2023 data"
"20496818","달마사 봉안당","charnel","서울 동작구 서달로 50-26","달마사봉안당","No exact match in 2023 data"
"1060217110","청양군 정산미당장례식장","funeral","충남 청양군 장평면 충의로 797","청양군정산미당","No exact match in 2023 data"
"19355717","에스중앙병원 장례식장","funeral","제주특별자치도 제주시 월랑로 91","에스중앙병원","No exact match in 2023 data"
"25733675","부산영락공원 무연고자 납골당","charnel","부산 금정구 금정도서관로 108","부산영락공원무연고자납골당","No exact match in 2023 data"
"511588661","한별반려동물장례식장 출구","pet","부산 강서구 송정동 1454","한별반려동물장례식장출구","No exact match in 2023 data"
"25733638","대구시립공원묘지 납골당","park","경북 칠곡군 지천면 낙산로 87","대구시립공원묘지납골당","No exact match in 2023 data"
"1480980418","수원시장례식장","funeral","경기 수원시 영통구 광교호수로 278","수원시","No exact match in 2023 data"
"1978522591","포포즈 반려동물장례식장 세종점","pet","세종특별자치시 부강면 시목부강로 620","포포즈반려동물장례식장세종점","No exact match in 2023 data"
"760479603","춘천시민장례식장","funeral","강원특별자치도 춘천시 영서로 2970 (사농동, 강원도새마을회관)","춘천시민","No exact match in 2023 data"
"16098056","메트로병원 장례식장","funeral","경기 안양시 만안구 명학로33번길 8","메트로병원","No exact match in 2023 data"
"19777669","부천다니엘장례식장","funeral","경기 부천시 원미구 중동로 361","부천다니엘","No exact match in 2023 data"
"25733581","동화경모공원 납골당","charnel","경기 파주시 탄현면 헤이리로 98","동화경모공원납골당","No exact match in 2023 data"
"1396609136","봉황장례식장","funeral","전남 목포시 삼학로 154","봉황","No exact match in 2023 data"
"1308538615","진주시민장례식장","funeral","경남 진주시 문산읍 문산순환로 13","진주시민","No exact match in 2023 data"
"251739572","신세계수목장","natural","대구 군위군 효령면 녹동길 129-190","신세계수목장","No exact match in 2023 data"
"23340904","국립서울현충원 봉안식장","charnel","서울 동작구 동작동 222-4","국립서울현충원봉안식장","No exact match in 2023 data"
"1263431471","교원예움 강원장례식장","funeral","강원도 춘천시 동내면 순환대로 877 (거두리)","교원예움강원","No exact match in 2023 data"
"306141203","화성함백산추모공원","park","경기 화성시 매송면 서해로 2448-32","화성함백산추모공원","No exact match in 2023 data"
"1584343875","여주추모공원","park","경기 여주시 가남읍 본두리 897","여주추모공원","No exact match in 2023 data"
"25733627","제천청풍추모공원","park","충북 제천시 금성면 신담길 46","제천청풍추모공원","No exact match in 2023 data"
"167986576","영국군 설마리전투 추모공원","park","경기 파주시 적성면 구읍리","영국군설마리전투추모공원","No exact match in 2023 data"
"941349511","광주수목장","natural","광주 광산구 송학동 424-1","광주수목장","No exact match in 2023 data"
"1639400435","천화수목장","natural","충북 영동군 심천면 마곡리 185-3","천화수목장","No exact match in 2023 data"
"661501390","영호공원 추모관","charnel","경북 경주시 건천읍 단석로 1803-86","영호공원추모관","No exact match in 2023 data"
"1279106262","낙안오씨 수옹공 종중 추모공원","park","전남 무안군 몽탄면 사창리 621","낙안오씨수옹공종중추모공원","No exact match in 2023 data"
"10746269","동국대학교일산병원 장례식장","funeral","경기 고양시 일산동구 동국로 27","동국대학교일산병원","No exact match in 2023 data"
"12804317","지상낙원추모공원","park","경기 고양시 덕양구 호국로790번길 88","지상낙원추모공원","No exact match in 2023 data"
"12401002","당진요양병원 신평장례식장","funeral","충남 당진시 신평면 말목길 22-13","당진요양병원신평","No exact match in 2023 data"
"8200114","군위삼성병원 장례식장","funeral","대구 군위군 군위읍 중앙길 40","군위삼성병원","No exact match in 2023 data"
"170030642","대전추모공원","park","대전 서구 상보안윗길 160","대전추모공원","No exact match in 2023 data"
"868582277","e편한자리추모공원","park","경기 양주시 장흥면 권율로 10","e편한자리추모공원","No exact match in 2023 data"
"14650869","명지병원 장례식장","funeral","경기 고양시 덕양구 화수로14번길 55","명지병원","No exact match in 2023 data"
"844923743","김포시공설봉안당","charnel","경기 김포시 김포한강4로 419-39","김포시공설봉안당","No exact match in 2023 data"
"8145170","해양병원","funeral","부산 중구 광복로97번길 26-2","해양","No exact match in 2023 data"
"19131012","수원중앙병원 장례식장","funeral","경기 수원시 권선구 권선로 654","수원중앙병원","No exact match in 2023 data"
"25083732","영호공원봉안당","charnel","경북 경주시 건천읍 단석로 1803-94","영호공원봉안당","No exact match in 2023 data"
"16515342","의정부백병원 장례식장","funeral","경기 의정부시 금신로 322","의정부백병원","No exact match in 2023 data"
"596087834","일산수목장","natural","경기 고양시 일산동구 지영로 24","일산수목장","No exact match in 2023 data"
"24686978","혜성장례식장","funeral","전북특별자치도 부안군 부안읍 부령로 34","혜성","No exact match in 2023 data"
"14676182","덕안사추모공원","park","대구 달성군 가창면 가창로216길 38","덕안사추모공원","No exact match in 2023 data"
"1626219668","중앙성당 장례식장","funeral","부산 중구 용두산길 9","중앙성당","No exact match in 2023 data"
"1331123139","전남반려동물장례식장 푸른솔","pet","전남 여수시 율촌면 조화길 31","전남반려동물장례식장푸른솔","No exact match in 2023 data"
"1096370498","해남군 현대장례식장","funeral","전남 해남군 해남읍 남부순환로 345","해남군현대","No exact match in 2023 data"
"12610429","구미강동병원 장례식장","funeral","경북 구미시 인동20길 46","구미강동병원","No exact match in 2023 data"
"14650895","포항전문장례식장","funeral","경북 포항시 북구 흥해읍 동해대로 997","포항전문","No exact match in 2023 data"
"1856848851","연천 한맘가족사랑 수목장","natural","경기 연천군 연천읍 고문리 산 71","연천한맘가족사랑수목장","No exact match in 2023 data"
"1251496112","화곡본동성당 장례식장","funeral","서울 강서구 까치산로2길 43","화곡본동성당","No exact match in 2023 data"
"1741934625","효경G요양병원 장례식장","funeral","대구 동구 화랑로 157","효경G요양병원","No exact match in 2023 data"
"39848837","보은성모장례식장","funeral","충북 보은군 보은읍 뱃들로 53","보은성모","No exact match in 2023 data"
"14650822","PH장례식장","funeral","경기 부천시 원미구 조마루로 170","PH","No exact match in 2023 data"
"374605622","금강사 추모관","charnel","경북 포항시 북구 침촌마을길 213-7","금강사추모관","No exact match in 2023 data"
"18039495","청송진보병원 장례식장","funeral","경북 청송군 진보면 경동로 4003","청송진보병원","No exact match in 2023 data"
"380462355","경북영천 영천장례식장","funeral","경북 영천시 한방로 35","경북영천영천","No exact match in 2023 data"
"1339264190","남천안장례식장","funeral","충청남도 천안시 동남구 천안대로 215 남천안장례식장 (삼룡동, 천안효요양병원)","남천안","No exact match in 2023 data"
"25620470","유토피아추모관 신관","charnel","경기 안성시 일죽면 화곡길 126","유토피아추모관신관","No exact match in 2023 data"
"597838670","ROTC추모공원","park","경기 광주시 오포로 211-49","ROTC추모공원","No exact match in 2023 data"
"817564265","동산추모공원 수목장","park","강원특별자치도 춘천시 동산면 군자리 산 133","동산추모공원수목장","No exact match in 2023 data"
"810859807","정선군 정선장례식장","funeral","강원특별자치도 정선군 정선읍 서동로 1277","정선군정선","No exact match in 2023 data"
"25083608","평창장례식장","funeral","강원도 평창군 평창읍 종부로 61 (종부리, 평창군보건의료원)","평창","No exact match in 2023 data"
"18950428","GSH광양서울병원 장례식장","funeral","전남 광양시 진등길 93","GSH광양서울병원","No exact match in 2023 data"
"976916943","새동산병원 장례식장","funeral","대구 서구 국채보상로 379","새동산병원","No exact match in 2023 data"
"1914144020","의정부을지대학교병원 장례식장","funeral","경기 의정부시 동일로 712","의정부을지대학교병원","No exact match in 2023 data"
"14650865","연세대학교 원주장례식장","funeral","강원도 원주시 일산로 20,내 (일산동, 연세대학교원주세브란스기독병원)","연세대학교원주","No exact match in 2023 data"
"1327132929","청주탑장례식장","funeral","충북 청주시 서원구 궁뜰로 16","청주탑","No exact match in 2023 data"
"1957634848","포천시 관인농협장례식장","funeral","경기 포천시 관인면 창동로 1875","포천시관인농협","No exact match in 2023 data"
"25084117","백사공설공원묘지","park","경기 이천시 백사면 지읍로53번길 159","백사공설공원묘지","No exact match in 2023 data"
"1182643292","표선면 4.3추모공원","park","제주특별자치도 서귀포시 표선면 하천리 1832-4","표선면4.3추모공원","No exact match in 2023 data"
"1230912504","전북 정읍 서남권추모공원","park","전북특별자치도 정읍시 감곡면 정읍북로 1905","전북정읍서남권추모공원","No exact match in 2023 data"
"872784991","일월사추모공원 봉안당","park","강원특별자치도 춘천시 남산면 봉의텃골길 149-10","일월사추모공원봉안당","No exact match in 2023 data"
"8487270","약수암영탑추모공원","park","경기 파주시 파주읍 약수골길 86","약수암영탑추모공원","No exact match in 2023 data"
"1521759049","MG새마을금고 장례식장","funeral","전북특별자치도 남원시 요천로 1237","MG새마을금고","No exact match in 2023 data"
"8453865","남양주장례식장","funeral","경기 남양주시 진건읍 진건오남로 458","남양주","No exact match in 2023 data"
"8964803","성균관대학교 삼성창원병원 장례식장","funeral","경남 창원시 마산회원구 팔용로 158","성균관대학교삼성창원병원","No exact match in 2023 data"
"14650958","대정읍봉안당","charnel","제주특별자치도 서귀포시 대정읍 일주서로2498번길 133-27","대정읍봉안당","No exact match in 2023 data"
"8557322","대명아임레디 군산중앙장례식장","funeral","전북특별자치도 군산시 공단대로 153","대명아임레디군산중앙","No exact match in 2023 data"
"502759962","삼척시추모공원 2단지","park","강원특별자치도 삼척시 강원남부로 4540","삼척시추모공원2단지","No exact match in 2023 data"
"1789940192","대덕스카이캐슬 추모관","charnel","전라남도 담양군 대덕면 문학리 산 105","대덕스카이캐슬추모관","No exact match in 2023 data"
"10649384","영천전문장례식장","funeral","경북 영천시 한방로 35","영천전문","No exact match in 2023 data"
"1115026216","교원예움 포항국화원장례식장","funeral","경북 포항시 남구 희망대로 644","교원예움포항국화원","No exact match in 2023 data"
"21451559","제천노인장례식장","funeral","충북 제천시 북부로13길 94","제천노인","No exact match in 2023 data"
"21222434","연세메디하임병원 장례식장","funeral","강원특별자치도 원주시 문막읍 원문로 1419","연세메디하임병원","No exact match in 2023 data"
"8019426","옥과장례식장","funeral","전남 곡성군 겸면 곡순로 2088","옥과","No exact match in 2023 data"
"394506870","효천추모공원","park","경북 청도군 매전면 중앙로 84-500","효천추모공원","No exact match in 2023 data"
"1623503586","K병원 장례식장 예지원","funeral","대구 북구 칠곡중앙대로 357","K병원장례식장예지원","No exact match in 2023 data"
"2118901573","아산삼성요양병원 장례식장","funeral","충남 아산시 온천대로 1446","아산삼성요양병원","No exact match in 2023 data"
"1425778468","전농동성당평화묘원 봉안담","park","경기 포천시 화현면 지현리 산 27","전농동성당평화묘원봉안담","No exact match in 2023 data"
"25485582","아시아드장례식장","funeral","부산 동래구 여고로 42","아시아드","No exact match in 2023 data"
"653040383","창녕공설장례식장","funeral","경남 창녕군 창녕읍 탐하로 201","창녕공설","No exact match in 2023 data"
"21275798","단국대학교의과대학부속병원 장례식장","funeral","충남 천안시 동남구 망향로 201","단국대학교의과대학부속병원","No exact match in 2023 data"
"8914668","동수원병원 장례식장","funeral","경기 수원시 팔달구 권광로367번길 77","동수원병원","No exact match in 2023 data"
"1778023028","쉴낙원 파주운정장례식장","funeral","경기 파주시 하늘채길 35","쉴낙원파주운정","No exact match in 2023 data"
"7965611","순천향대학교 서울병원 장례식장","funeral","서울 용산구 대사관로 59","순천향대학교서울병원","No exact match in 2023 data"
"11121275","전라남도순천의료원 장례식장","funeral","전남 순천시 서문성터길 2","전라남도순천의료원","No exact match in 2023 data"
"26077403","강원특별자치도속초의료원 장례식장","funeral","강원특별자치도 속초시 영랑호반길 3","강원특별자치도속초의료원","No exact match in 2023 data"
"612668721","장수군공설장례식장","funeral","전북특별자치도 장수군 장계면 진장로 1876","장수군공설","No exact match in 2023 data"
"1526637499","칠곡군 칠곡농협연합장례식장","funeral","경북 칠곡군 약목면 관호10길 248-56","칠곡군칠곡농협연합","No exact match in 2023 data"
"1749199247","국립이천호국원 추모관","charnel","경기 이천시 설성면 노성로 260","국립이천호국원추모관","No exact match in 2023 data"
"1275380654","휴안수기봉안함","charnel","경기 고양시 덕양구 호국로 1373","휴안수기봉안함","No exact match in 2023 data"
"7939094","충청남도서산의료원 장례식장","funeral","충남 서산시 중앙로 149","충청남도서산의료원","No exact match in 2023 data"
"2026804810","강원원주 추모공원","park","강원특별자치도 원주시 흥업면 복술길 33","강원원주추모공원","No exact match in 2023 data"
"18411666","백화추모관","charnel","충북 청주시 상당구 명암로 103","백화추모관","No exact match in 2023 data"
"26938722","고신대학교 복음병원 장례식장","funeral","부산 서구 감천로 262","고신대학교복음병원","No exact match in 2023 data"
"604824036","태백공원묘원 추모관","park","강원특별자치도 태백시 백두대간로 844","태백공원묘원추모관","No exact match in 2023 data"
"2114483229","증촌추모공원","park","대전 서구 평촌동 884-1","증촌추모공원","No exact match in 2023 data"
"10845856","안성추모공원","park","경기 안성시 보개면 보삼로 319-34","안성추모공원","No exact match in 2023 data"
"19632334","동군산병원 장례식장","funeral","전북특별자치도 군산시 조촌로 155","동군산병원","No exact match in 2023 data"
"25739096","청주추모공원","park","충북 청주시 상당구 월평로184번길 101","청주추모공원","No exact match in 2023 data"
"1069719763","안산중앙요양병원 장례식장","funeral","경기 안산시 단원구 고잔로 134","안산중앙요양병원","No exact match in 2023 data"
"7930011","새통영병원","funeral","경남 통영시 무전7길 192","새통영","No exact match in 2023 data"
"25083569","세브란스병원 신촌장례식장","funeral","서울 서대문구 연세로 50-1","세브란스병원신촌","No exact match in 2023 data"
"10649716","영락원장례식장","funeral","경남 창원시 마산회원구 봉양로 152","영락원","No exact match in 2023 data"
"1594603773","하남시 마루공원 장례식장","funeral","경기 하남시 하남대로545번길 22-30","하남시마루공원","No exact match in 2023 data"
"534796444","천주교흥덕성당장례식장","funeral","충북 청주시 서원구 흥덕로 78","천주교흥덕성당","No exact match in 2023 data"
"1291722315","군립납골당","charnel","충남 금산군 복수면 다복로 525-35","군립납골당","No exact match in 2023 data"
"27096681","천주교명일동성당장례식장","funeral","서울 강동구 양재대로156길 28","천주교명일동성당","No exact match in 2023 data"
"1701806083","장수보건의료원 장례식장","funeral","전북특별자치도 장수군 장수읍 장천로 247","장수보건의료원","No exact match in 2023 data"
"25733654","용학사 납골당","charnel","경기 이천시 모가면 진상미로1067번길 271","용학사납골당","No exact match in 2023 data"
"809271001","한빛요양병원 장례식장","funeral","부산 사하구 사하로 55","한빛요양병원","No exact match in 2023 data"
"1683260877","사천시 공설장례식장","funeral","경남 사천시 해안관광로 208-66","사천시공설","No exact match in 2023 data"
"19603697","성주효요양병원 장례식장","funeral","경북 성주군 성주읍 성주순환로 239","성주효요양병원","No exact match in 2023 data"
"23939144","파주추모공원","park","경기 파주시 파주읍 약수골길 86","파주추모공원","No exact match in 2023 data"
"1019939804","씨랜드참사 추모공원","park","경기 화성시 서신면 궁평관광로153번길 39","씨랜드참사추모공원","No exact match in 2023 data"
"2067926867","앤드요양병원부설 앤드 효백화원","funeral","대구 남구 중앙대로 227","앤드요양병원부설앤드효백화원","No exact match in 2023 data"
"1755837825","아산 공설봉안당","charnel","충남 아산시 송악면 외암로 30-30","아산공설봉안당","No exact match in 2023 data"
"626904459","화성시 함백산장례식장","funeral","경기 화성시 매송면 서해로 2448-32","화성시함백산","No exact match in 2023 data"
"1723538687","안양시립추모관","charnel","경기 안성시 일죽면 화곡길 126","안양시립추모관","No exact match in 2023 data"
"2103464273","리틀포즈 반려동물 장례식장","pet","대구 군위군 부계면 부흥로 118","리틀포즈반려동물","No exact match in 2023 data"
"527306837","향동밀양박씨청제공파납골당","charnel","전남 진도군 고군면 향동리 447","향동밀양박씨청제공파납골당","No exact match in 2023 data"
"25733604","오룡군립묘원 납골당","park","전남 담양군 무정면 오룡리 산 29","오룡군립묘원납골당","No exact match in 2023 data"
"1356749326","곤지암추모공원","park","경기 광주시 곤지암읍 가마을길 83-19","곤지암추모공원","No exact match in 2023 data"
"909984188","김포애기봉추모공원","park","경기 김포시 하성면 평화공원로70번길 104-25","김포애기봉추모공원","No exact match in 2023 data"
"13025159","광릉추모공원","park","경기 포천시 내촌면 마명리 12-3","광릉추모공원","No exact match in 2023 data"
"201737813","우성추모공원","park","경북 성주군 선남면 관용로 470-44","우성추모공원","No exact match in 2023 data"
"1107526001","양주 하늘안추모공원","park","경기 양주시 평화로1261번길 372-146","양주하늘안추모공원","No exact match in 2023 data"
"1572230048","하늘길수목장","natural","강원특별자치도 횡성군 서원면 양서동로 377","하늘길수목장","No exact match in 2023 data"
"1169834260","울산엘리야병원 장례식장","funeral","울산 북구 호계로 285","울산엘리야병원","No exact match in 2023 data"
"1047551625","효담삼산병원 장례식장","funeral","강원특별자치도 원주시 혁신로 5","효담삼산병원","No exact match in 2023 data"
"745057112","법보사추모공원","park","경북 영천시 신녕면 장수로 2238-9","법보사추모공원","No exact match in 2023 data"
"1085465894","구미시추모공원 유택동산","park","경북 구미시 옥성면 농소리 982","구미시추모공원유택동산","No exact match in 2023 data"
"195666545","울산국화원장례식장 북울산지점","funeral","울산 북구 호계로 285","울산국화원장례식장북울산지점","No exact match in 2023 data"
"26446776","용인평온의숲 장례식장","funeral","경기 용인시 처인구 이동읍 평온의숲로 77","용인평온의숲","No exact match in 2023 data"
"2055234852","남울산국화원 장례식장","funeral","울산 울주군 온양읍 덕남로 233","남울산국화원","No exact match in 2023 data"
"1340769391","경남반려동물장례식장 하늘소풍","pet","경남 고성군 회화면 봉오로 145-22","경남반려동물장례식장하늘소풍","No exact match in 2023 data"
"8674230","한림대학교강남성심병원 장례식장","funeral","서울 영등포구 신길로 1","한림대학교강남성심병원","No exact match in 2023 data"
"1978570281","하늘계단수목장","natural","경기 양주시 평화로1261번길 372-150","하늘계단수목장","No exact match in 2023 data"
"23820737","서울시립장례식장","funeral","경기 파주시 광탄면 진지로 139","서울시립","No exact match in 2023 data"
"17085563","SMG연세장례식장","funeral","경남 창원시 마산합포구 3.15대로 76","SMG연세","No exact match in 2023 data"
"23971883","표선복합문화센터 장례식장","funeral","제주특별자치도 서귀포시 표선면 표선관정로 48-36","표선복합문화센터","No exact match in 2023 data"
"9302931","세종연서농협장례식장","funeral","세종특별자치시 연서면 함박로 300 (국촌리)","세종연서농협","No exact match in 2023 data"
"14676040","울산중앙병원 장례식장","funeral","울산 남구 문수로480번길 10","울산중앙병원","No exact match in 2023 data"
"8002215","동인장례식장","funeral","경기 안성시 인지1길 15","동인","No exact match in 2023 data"
"8773232","광주열린병원 장례식장","funeral","광주 광산구 송도로 271","광주열린병원","No exact match in 2023 data"
"1906550170","동서천장례식장","funeral","충남 서천군 기산면 충절로 1035-4","동서천","No exact match in 2023 data"
"14650913","온누리병원 장례식장","funeral","인천 서구 완정로 199","온누리병원","No exact match in 2023 data"
"1107046726","지장사추모관","charnel","전남 나주시 왕곡면 신포내동길 14-29","지장사추모관","No exact match in 2023 data"
"22455028","동인장례식장","funeral","강원특별자치도 강릉시 강릉대로419번길 42","동인","No exact match in 2023 data"
"21318313","천지장례식장","funeral","광주 서구 풍서좌로 173-1","천지","No exact match in 2023 data"
"17092200","중앙보훈병원 장례식장","funeral","서울 강동구 진황도로61길 53","중앙보훈병원","No exact match in 2023 data"
"8455260","일산백병원 장례식장","funeral","경기 고양시 일산서구 대화동 2240","일산백병원","No exact match in 2023 data"
"22378485","김제중앙병원 장례식장","funeral","전북특별자치도 김제시 동서로 77","김제중앙병원","No exact match in 2023 data"
"1407779933","덕유산자연사랑 장례식장","funeral","경남 거창군 거창읍 거안로 1266-77","덕유산자연사랑","No exact match in 2023 data"
"16932750","고려대학교구로병원 장례식장","funeral","서울 구로구 구로동로 148","고려대학교구로병원","No exact match in 2023 data"
"27599722","선한병원 장례식장","funeral","광주 서구 무진대로 975","선한병원","No exact match in 2023 data"
"764802391","용미리 수목장713","natural","경기 파주시 광탄면 용미리 산 107","용미리수목장713","No exact match in 2023 data"
"25614039","금산군공설납골당","charnel","충남 금산군 복수면 복수로 1015-71","금산군공설납골당","No exact match in 2023 data"
"10855320","청주시장례식장운영회","funeral","충북 청주시 상당구 목련로 731","청주시장례식장운영회","No exact match in 2023 data"
"154025981","남도광역추모공원 한울원","park","전남 해남군 황산면 호교길 241-250","남도광역추모공원한울원","No exact match in 2023 data"
"573367821","예담활주로장례식장","funeral","전남 나주시 산포면 산남로 137","예담활주로","No exact match in 2023 data"
"8359232","새하늘 장례식장","funeral","경남 합천군 적중면 황강옥전로 1913","새하늘","No exact match in 2023 data"
"8709930","국민건강보험 일산병원 장례식장","funeral","경기 고양시 일산동구 백석동 1232","국민건강보험일산병원","No exact match in 2023 data"
"14650824","경기도의료원 파주병원 장례식장","funeral","경기 파주시 중앙로 207","경기도의료원파주병원","No exact match in 2023 data"
"1772082323","정선군립병원 장례식장","funeral","강원특별자치도 정선군 사북읍 지장천로 727","정선군립병원","No exact match in 2023 data"
"1301882203","여주추모공원","park","경기 여주시 가남읍 여주남로 769","여주추모공원","No exact match in 2023 data"
"8742003","강화장례식장 분향6호실","funeral","인천 강화군 강화읍 중앙로74번길 16","강화장례식장분향6호실","No exact match in 2023 data"
"23421821","근로복지공단 태백병원 장례식장","funeral","강원특별자치도 태백시 보드미길 8","근로복지공단태백병원","No exact match in 2023 data"
"8659732","화순현대병원 장례예식장","funeral","전남 화순군 화순읍 중앙로 8","화순현대병원장례예식장","No exact match in 2023 data"
"306786506","김포시공설봉안당","charnel","경기 김포시 김포한강4로 419-39","김포시공설봉안당","No exact match in 2023 data"
"1738991395","막벨라강화추모공원","park","서울 종로구 세종대로 149","막벨라강화추모공원","No exact match in 2023 data"
"416906628","아산충무병원 국화원","funeral","충청남도 아산시 문화로 381 (모종동)","아산충무병원국화원","No exact match in 2023 data"
"1260795506","용문사추모공원","park","경기 김포시 월곶면 대곶로 570","용문사추모공원","No exact match in 2023 data"
"24124709","희윤요양병원 장례식장","funeral","경상남도 밀양시 부북면 춘화로 60 (용지리)","희윤요양병원","No exact match in 2023 data"
"1928483323","빛장례식장","funeral","광주 광산구 상무대로 231","빛","No exact match in 2023 data"
"1385405526","김천시립추모공원","park","경북 김천시 봉산면 영남대로 431","김천시립추모공원","No exact match in 2023 data"
"160024798","대법륜사봉안당","charnel","경남 김해시 금관대로 1088-28","대법륜사봉안당","No exact match in 2023 data"
"1426002918","파주한빛병원 장례식장","funeral","경기 파주시 탄현면 평화로574번길 17","파주한빛병원","No exact match in 2023 data"
"555282729","교원예움 김해장례식장","funeral","경상남도 김해시 삼안로8번길 24 (지내동)","교원예움김해","No exact match in 2023 data"
"14076672","인천연세병원 장례식장","funeral","인천 서구 승학로 320","인천연세병원","No exact match in 2023 data"
"2011196054","통영고려병원 장례식장","funeral","경남 통영시 중앙로 310","통영고려병원","No exact match in 2023 data"
"1745161657","거창사건추모공원 추모문","park","경남 거창군 신원면 신차로 2924","거창사건추모공원추모문","No exact match in 2023 data"
"1426929041","하늘반려장례식장","pet","전북특별자치도 완주군 소양면 전진로 1630","하늘반려","No exact match in 2023 data"
"1824119853","경주용주사추모공원","park","경북 경주시 서면 하늘마루길 328","경주용주사추모공원","No exact match in 2023 data"
"2076919229","의정부양주수목장","natural","경기 양주시 은현면 화합로1198번길 32-16","의정부양주수목장","No exact match in 2023 data"
"27453923","수도권추모공원 용인수목장","park","경기 용인시 처인구 양지면 한터로 432-16","수도권추모공원용인수목장","No exact match in 2023 data"
"25084104","양양공설묘원 봉안당","park","강원특별자치도 양양군 양양읍 남대천로 251-123","양양공설묘원봉안당","No exact match in 2023 data"
"1684472316","세종장례식장","funeral","충북 제천시 송학주천로 46","세종","No exact match in 2023 data"
"11638387","곽병원 장례식장","funeral","대구 중구 국채보상로 531","곽병원","No exact match in 2023 data"
"14650848","사천중앙병원 장례식장","funeral","경남 사천시 사천읍 옥산로 127","사천중앙병원","No exact match in 2023 data"
"10382727","영호공원보은사 납골당","charnel","경북 경주시 건천읍 단석로 1803-86","영호공원보은사납골당","No exact match in 2023 data"
"782191512","거창사건추모공원 천유문","park","경남 거창군 신원면 신차로 2924","거창사건추모공원천유문","No exact match in 2023 data"
"718093487","성모병원장례식장","funeral","경상남도 김해시 김해대로 2479-1 (삼정동)","성모병원","No exact match in 2023 data"
"1025604921","경북반려동물장례식장","pet","경북 김천시 봉산면 영남대로 353","경북반려동물","No exact match in 2023 data"
"821913922","삼호병원 장례식장","funeral","전남 보성군 벌교읍 남하로 12","삼호병원","No exact match in 2023 data"
"27606820","연수성당 장례식장","funeral","인천 연수구 청능대로 74","연수성당","No exact match in 2023 data"
"17360816","한양대학교병원 장례식장","funeral","서울 성동구 왕십리로 222-1","한양대학교병원","No exact match in 2023 data"
"7877889","무안종합병원 장례식장","funeral","전남 무안군 무안읍 몽탄로 65","무안종합병원","No exact match in 2023 data"
"11560375","화천장례식장","funeral","강원특별자치도 화천군 하남면 영서로 5697-66","화천","No exact match in 2023 data"
"23831533","전라남도강진의료원장례식장 제3분향소","funeral","전남 강진군 강진읍 탐진로 5","전라남도강진의료원장례식장제3분향소","No exact match in 2023 data"
"994063643","국화원전문장례식장","funeral","경북 영천시 오수1길 18","국화원전문","No exact match in 2023 data"
"17111896","참좋은요양병원 장례식장","funeral","경북 영천시 망정1길 32","참좋은요양병원","No exact match in 2023 data"
"25617235","납골탑공원","charnel","충북 청주시 상당구 가덕면 한계리 1-4","납골탑공원","No exact match in 2023 data"
"1166051664","경희장례식장","funeral","부산 사하구 다대로 321","경희","No exact match in 2023 data"
"26447139","순천향대학교 천안병원 장례식장","funeral","충남 천안시 동남구 순천향6길 30","순천향대학교천안병원","No exact match in 2023 data"
"8028030","해남우리종합병원 장례식장","funeral","전남 해남군 옥천면 해남로 597","해남우리종합병원","No exact match in 2023 data"
"354656167","평화공원 파라다이스추모관","charnel","충남 금산군 복수면 앞재길 21-48","평화공원파라다이스추모관","No exact match in 2023 data"
"118322599","밀양박씨덕송종친회 추모공원","park","전남 해남군 산이면 덕송길 51-13","밀양박씨덕송종친회추모공원","No exact match in 2023 data"
"21317629","화원연세병원 장례식장","funeral","대구 달성군 화원읍 비슬로 2525","화원연세병원","No exact match in 2023 data"
"1961892058","주교좌남천성당 추모관","charnel","부산 수영구 수영로427번길 15","주교좌남천성당추모관","No exact match in 2023 data"
"2065020477","남대구전문장례식장","funeral","대구 달서구 성서공단로 315","남대구전문","No exact match in 2023 data"
"1962255320","더조은요양병원 장례식장","funeral","서울 노원구 화랑로 323","더조은요양병원","No exact match in 2023 data"
"1857265265","천주교서울대교구 비봉103위성인추모공원","park","경기 화성시 비봉면 화성로1946번길 26-11","천주교서울대교구비봉103위성인추모공원","No exact match in 2023 data"
"17577749","강원도삼척의료원 장례식장","funeral","강원특별자치도 삼척시 오십천로 418","강원도삼척의료원","No exact match in 2023 data"
"8694245","군산의료원 장례식장","funeral","전북특별자치도 군산시 의료원로 27","군산의료원","No exact match in 2023 data"
"17578491","마산의료원 장례식장","funeral","경남 창원시 마산합포구 장군동4가 26-2","마산의료원","No exact match in 2023 data"
"491376298","양산농협장례식장","funeral","경남 양산시 동면 남양산길 73","양산농협","No exact match in 2023 data"
"530077252","초계주씨봉안당","charnel","충북 옥천군 안남면 도덕4길 29-35","초계주씨봉안당","No exact match in 2023 data"
"428908788","영광군 옥당장례식장","funeral","전남 영광군 영광읍 천년로 1371-20","영광군옥당","No exact match in 2023 data"
"25733582","청양군공설묘지 봉안당","charnel","충남 청양군 화성면 신수길 142-18","청양군공설묘지봉안당","No exact match in 2023 data"
"13132545","하늘장례식장","funeral","경북 영주시 구성로 321-16","하늘","No exact match in 2023 data"
"363508484","빛고을수목장","natural","광주 서구 하남대로 696","빛고을수목장","No exact match in 2023 data"
"10267106","대구의료원 국화원장례식장","funeral","대구 서구 평리로 157","대구의료원국화원","No exact match in 2023 data"
"27457824","그린장례식장","funeral","제주특별자치도 제주시 조천읍 함덕남2길 19-10","그린","No exact match in 2023 data"
"12697485","온병원 장례식장","funeral","부산 부산진구 가야대로 721","온병원","No exact match in 2023 data"
"12658723","차의과학대학교부속 구미차병원 장례식장","funeral","경북 구미시 신시로10길 12","차의과학대학교부속구미차병원","No exact match in 2023 data"
"9577060","부민장례식장","funeral","제주특별자치도 제주시 연북로 378","부민","No exact match in 2023 data"
"16636548","행림요양병원 장례식장","funeral","부산 금정구 중앙대로 1905","행림요양병원","No exact match in 2023 data"
"26602828","추모공원휴","park","서울 송파구 송파대로 167","추모공원휴","No exact match in 2023 data"
"8735539","영락장례식장","funeral","전남 강진군 강진읍 보은로 200","영락","No exact match in 2023 data"
"2058802236","행복예감장례식장","funeral","전남 여수시 신월로 435","행복예감","No exact match in 2023 data"
"1236354393","서대산추모공원","park","충남 금산군 추부면 서대동기길 100","서대산추모공원","No exact match in 2023 data"
"108214612","용미리납골당","charnel","경기 파주시 광탄면 장지산로368번길 109","용미리납골당","No exact match in 2023 data"
"1911316944","온요양병원 장례식장","funeral","경남 사천시 사천읍 구암두문로 154-28","온요양병원","No exact match in 2023 data"
"16264292","울산제일병원 장례식장","funeral","울산 남구 남산로354번길 26","울산제일병원","No exact match in 2023 data"
"8025584","옥천성모병원 장례식장","funeral","충북 옥천군 옥천읍 성왕로 1195","옥천성모병원","No exact match in 2023 data"
"136651612","국민요양병원 국민장례식장","funeral","울산 남구 번영로 15","국민요양병원국민","No exact match in 2023 data"
"16295632","포항의료원 장례식장","funeral","경북 포항시 북구 용흥로 36","포항의료원","No exact match in 2023 data"
"24020133","광주장례식장","funeral","광주 북구 동운로52번길 118","광주","No exact match in 2023 data"
"23811606","화성시 추모공원","park","경기 화성시 비봉면 주석로 545","화성시추모공원","No exact match in 2023 data"
"407669947","애국지사 정행국 정행돈 추모공원","park","경북 칠곡군 왜관읍 아곡리 309","애국지사정행국정행돈추모공원","No exact match in 2023 data"
"524511953","함안시민장례식장","funeral","경상남도 함안군 산인면 학산2길 17-50 (송정리)","함안시민","No exact match in 2023 data"
"430558450","곡성군 옥과장례식장","funeral","전남 곡성군 겸면 곡순로 2088","곡성군옥과","No exact match in 2023 data"
"878206076","흥창사 납골당","charnel","서울 은평구 통일로 1093","흥창사납골당","No exact match in 2023 data"
"170565748","무인민원발급창구 김천시립추모공원","park","경북 김천시 봉산면 영남대로 431","무인민원발급창구김천시립추모공원","No exact match in 2023 data"
"26159141","의정부 산곡동 추모공원","park","경기 의정부시 산곡동","의정부산곡동추모공원","No exact match in 2023 data"
"284665115","분당메모리얼파크 헤리티지","park","경기 성남시 분당구 야탑동 2","분당메모리얼파크헤리티지","No exact match in 2023 data"
"7890420","보령아산병원 장례식장","funeral","충남 보령시 죽성로 136-1","보령아산병원","No exact match in 2023 data"
"8350971","김제새만금장례식장","funeral","전북특별자치도 김제시 하동1길 33","김제새만금","No exact match in 2023 data"
"246440341","봉황장례식장","funeral","전남 고흥군 고흥읍 신호산장길 3","봉황","No exact match in 2023 data"
"16112954","보령아산병원","funeral","충남 보령시 죽성로 136","보령아산","No exact match in 2023 data"
"1685830579","기독교추모관","charnel","충남 금산군 추부면 서대동기길 100","기독교추모관","No exact match in 2023 data"
"17461703","진영병원 장례식장","funeral","경상남도 김해시 진영읍 김해대로334번길 9,지하1층 (진영리, 진영삼성병원)","진영병원","No exact match in 2023 data"
"1239431580","새문안교회 추모관","charnel","경기 파주시 광탄면 보광로 389","새문안교회추모관","No exact match in 2023 data"
"13559585","분당서울대학교병원 장례식장","funeral","경기 성남시 분당구 구미로173번길 82","분당서울대학교병원","No exact match in 2023 data"
"2078865221","천주교비봉추모관","charnel","경기 화성시 비봉면 화성로1946번길 26-33","천주교비봉추모관","No exact match in 2023 data"
"7831202","대전한국병원","funeral","대전 동구 동서대로 1672","대전한국","No exact match in 2023 data"
"25733663","만인추모관","charnel","충남 금산군 복수면 다복로 525-35","만인추모관","No exact match in 2023 data"
"413748903","남포보령장례식장","funeral","충청남도 보령시 남포면 보령남로 391 (옥동리)","남포보령","No exact match in 2023 data"
"25083496","가족사랑장례식장","funeral","전북특별자치도 김제시 하동1길 13","가족사랑","No exact match in 2023 data"
"27326000","정토사극락전추모관","charnel","경남 밀양시 삼랑진읍 삼랑진로 605","정토사극락전추모관","No exact match in 2023 data"
"897363072","연세대학교 용인장례식장","funeral","경기 용인시 기흥구 동백죽전대로 363","연세대학교용인","No exact match in 2023 data"
"1170669248","오마간척한센인추모공원","park","전남 고흥군 도덕면 오마리 176","오마간척한센인추모공원","No exact match in 2023 data"
"17093222","인제대학교 부산백병원 장례식장","funeral","부산 부산진구 개금동 633-165","인제대학교부산백병원","No exact match in 2023 data"
"1461010359","광주일곡병원 장례식장","funeral","광주 북구 양일로 309","광주일곡병원","No exact match in 2023 data"
"9446663","명지병원 장례식장","funeral","충북 제천시 내토로 993","명지병원","No exact match in 2023 data"
"977902220","서남권추모공원 제2봉안시설","park","전북특별자치도 정읍시 감곡면 통석리 1309-13","서남권추모공원제2봉안시설","No exact match in 2023 data"
"8241426","김해성모병원 장례식장","funeral","경남 김해시 김해대로 2479-1","김해성모병원","No exact match in 2023 data"
"25733661","경춘공원묘원 합동봉안당","park","강원특별자치도 춘천시 서면 노동길 181","경춘공원묘원합동봉안당","No exact match in 2023 data"
"1068450701","익산추모관","charnel","전북특별자치도 익산시 금마면 무왕로33길 220 (용순리)","익산추모관","No exact match in 2023 data"
"2081678256","안동추모공원","park","경북 안동시 풍산읍 본마을길 36-69","안동추모공원","No exact match in 2023 data"
"21708756","김해한솔재활요양병원 장례식장","funeral","경남 김해시 김해대로 2379","김해한솔재활요양병원","No exact match in 2023 data"
"25733645","영천만불지장회 사설납골당","charnel","경북 영천시 북안면 내서로 139-17","영천만불지장회사설납골당","No exact match in 2023 data"
"901947169","김해누가병원 장례식장","funeral","경남 김해시 대청로104번길 80-1","김해누가병원","No exact match in 2023 data"
"1645710869","원주추모공원 휴마루","park","강원특별자치도 원주시 흥업면 복술길 33","원주추모공원휴마루","No exact match in 2023 data"
"25733623","쌍룡사 납골당","charnel","경북 문경시 농암면 칠봉로 755","쌍룡사납골당","No exact match in 2023 data"
"14650808","경상북도안동의료원 장례식장 국화원","funeral","경북 안동시 태사2길 55","경상북도안동의료원장례식장국화원","No exact match in 2023 data"
"585349373","신진주시민장례식장","funeral","경남 진주시 문산읍 월아산로 1148-15","신진주시민","No exact match in 2023 data"
"8103623","창녕서울병원 전문장례식장","funeral","경남 창녕군 창녕읍 창녕대로 120","창녕서울병원전문","No exact match in 2023 data"
"25617213","칠곡조양공원 납골당","charnel","경북 칠곡군 지천면 달방길 215","칠곡조양공원납골당","No exact match in 2023 data"
"1392034570","용인수목장 금오동지","natural","경기 용인시 처인구 원삼면 이원로913번길 67-27","용인수목장금오동지","No exact match in 2023 data"
"25084128","청구공원 추모관","charnel","경북 칠곡군 지천면 백송로 258","청구공원추모관","No exact match in 2023 data"
"23256399","하늘소풍수목장","natural","경기 양주시 평화로1261번길 372-74","하늘소풍수목장","No exact match in 2023 data"
"659450306","하늘추모관","charnel","경북 성주군 월항면 지산로 210","하늘추모관","No exact match in 2023 data"
"1530809817","펫포유 반려동물장례식장","pet","세종특별자치시 장군면 정동길 76","펫포유반려동물","No exact match in 2023 data"
"1802245397","대원사추모공원 정토원","park","경북 경주시 양남면 명주길 864-5","대원사추모공원정토원","No exact match in 2023 data"
"1343183293","대전추모공원 제2봉안당","park","대전 서구 상보안윗길 160","대전추모공원제2봉안당","No exact match in 2023 data"
"8207921","구암사 봉안당","charnel","대전 유성구 북유성대로487번길 130","구암사봉안당","No exact match in 2023 data"
"25617218","삼광사추모공원","park","경북 성주군 월항면 지산로 208","삼광사추모공원","No exact match in 2023 data"
"654920246","분당메모리얼파크 메이플","park","경기 성남시 분당구 새나리로 80","분당메모리얼파크메이플","No exact match in 2023 data"
"2072153038","영덕아산병원 장례식장","funeral","경상북도 영덕군 영해면 영덕로 1621 (성내리)","영덕아산병원","No exact match in 2023 data"
"11133079","부천시민장례식장","funeral","경기 부천시 원미구 장말로372번길 15","부천시민","No exact match in 2023 data"
"7892969","백제장례식장","funeral","전북특별자치도 익산시 함열읍 익산대로 1493","백제","No exact match in 2023 data"
"10388669","백병원 소노아임레디 장례식장","funeral","경남 거제시 계룡로5길 14","백병원소노아임레디","No exact match in 2023 data"
"1316674905","안성맞춤추모공원","park","경기 안성시 보개면 신장길 79-42","안성맞춤추모공원","No exact match in 2023 data"
"14650906","강원도원주의료원 장례식장","funeral","강원특별자치도 원주시 서원대로 387","강원도원주의료원","No exact match in 2023 data"
"17655813","도성사 납골당","charnel","경기 포천시 화현면 화동로596번길 90","도성사납골당","No exact match in 2023 data"
"838023435","용인납골당","charnel","경기 용인시 처인구 포곡읍 백옥대로1800번길 47-10","용인납골당","No exact match in 2023 data"
"1664026258","남원시추모공원","park","전북특별자치도 남원시 광치동 산 233-2","남원시추모공원","No exact match in 2023 data"
"8808848","금산동백장례식장","funeral","충남 금산군 군북면 은골길 20","금산동백","No exact match in 2023 data"
"1065824573","여주추모공원 봉안담","park","경기도 여주시 가남읍 여주남로 769 (본두리)","여주추모공원봉안담","No exact match in 2023 data"
"1377126258","안성백련추모공원","park","경기 안성시 금광면 한운길 312-52","안성백련추모공원","No exact match in 2023 data"
"26349271","봉안천국","charnel","경기 용인시 처인구 신송로 129","봉안천국","No exact match in 2023 data"
"16386496","쉴낙원 남대전장례식장","funeral","대전 동구 산서로1660번길 142","쉴낙원남대전","No exact match in 2023 data"
"1557735121","성주전문장례식장","funeral","경상북도 성주군 성주읍 주산로 83 (삼산리, 성주전문장례식장)","성주전문","No exact match in 2023 data"
"10233754","대전추모공원","park","대전 서구 상보안윗길 160","대전추모공원","No exact match in 2023 data"
"1083906671","푸디스트 쉴낙원남대전장례식장","funeral","대전 동구 산서로1660번길 142","푸디스트쉴낙원남대전","No exact match in 2023 data"
"1239833181","인천가족공원 호국봉안담","charnel","인천광역시 부평구 평온로 61 (부평동, 관리사무소및홍보관)","인천가족공원호국봉안담","No exact match in 2023 data"
"805839542","현대공원 제2묘원 추모의집","park","경북 칠곡군 동명면 다부거문1길 51-75","현대공원제2묘원추모의집","No exact match in 2023 data"
"17573821","부평세림병원 장례식장","funeral","인천 부평구 부평대로 175","부평세림병원","No exact match in 2023 data"
"25733578","남국선원 봉안탑","charnel","제주특별자치도 서귀포시 상효동 산 39-1","남국선원봉안탑","No exact match in 2023 data"
"1848713993","원주추모공원 화장장","park","강원특별자치도 원주시 흥업면 복술길 33","원주추모공원화장장","No exact match in 2023 data"
"1686629907","무인민원발급창구 서남권추모공원","park","전북특별자치도 정읍시 감곡면 정읍북로 1850","무인민원발급창구서남권추모공원","No exact match in 2023 data"
"26520698","약천추모관","charnel","경기 평택시 도일로 164-118","약천추모관","No exact match in 2023 data"
"7903928","동탄추모관","charnel","경기 화성시 동탄기흥로 64-42","동탄추모관","No exact match in 2023 data"
"7940669","섬진장례식장","funeral","전남 곡성군 곡성읍 곡성로 935","섬진","No exact match in 2023 data"
"12991201","시안가족추모공원","park","경기 광주시 오포안로 17","시안가족추모공원","No exact match in 2023 data"
"26800745","스카이캐슬추모공원","park","경기 광주시 머루숯길 61-33","스카이캐슬추모공원","No exact match in 2023 data"
"22893404","수도권추모공원 분당납골당","park","경기 광주시 오포로 211-49","수도권추모공원분당납골당","No exact match in 2023 data"
"27579080","나주시영산포농협장례식장","funeral","전남 나주시 영산포로 30-50","나주시영산포농협","No exact match in 2023 data"
"13567964","예지장례식장","funeral","인천광역시 중구 개항로 82.2층예지장례식장 (경동, 예지요양병원)","예지","No exact match in 2023 data"