시설유형,시설명,개인단_가격(만원),부부단_가격(만원)
"묘지","(재)경주공원묘원",0.1,
"묘지","(재)지평선전북공원묘원",135,
"묘지","남양공원묘원",95,
"묘지","(재)대지공원묘원",120,
"묘지","(재)봉황공원묘지",84,
"묘지","(재)안양공원묘원",40.5,
"묘지","영모묘원",1750,150
"묘지","(재)우성공원묘원",314.6,832.8
"묘지","(재)화산추모공원(묘지)",535.3,
"묘지","매화공원묘지",12.2,
"묘지","가북공설공원묘지",30,
"묘지","가조공설공원묘지",30,
"묘지","가평읍 제1공설묘지",20.5,
"묘지","거창공설공원묘지",30,
"묘지","(재)경맥백합공원",30.3,
"묘지","고능리공동묘지",3,
"묘지","장기공설공원묘원",40,
"묘지","고성군공설묘지",40.7,
"묘지","고제공설공원묘지",10,
"묘지","고천리공설묘지",3,
"묘지","공산면공설묘지",1,
"묘지","광주공원묘원",63.2,
"묘지","교산리공설묘지(별립산)",3,
"묘지","구례군공설묘지",20,
"묘지","구좌읍공설묘지",20,
"묘지","(재)자하연 일산(묘지)",0.1,0
"묘지","국화리공설묘지",3,
"묘지","군남면공설묘지",1.5,
"묘지","금광공설묘지",5,
"묘지","금남동공설묘지",1,
"묘지","금릉공원묘원",56,
"묘지","재단법인금산공원묘원",90,
"묘지","김해하늘공원(묘지)",120,
"묘지","파주하늘나라공원",61.7,
"묘지","(재)하늘나라공원 포천묘원",96.2,
"묘지","길정리공설묘지",3,
"묘지","길직1리공설묘지",3,
"묘지","길직2리공설묘지",3,
"묘지","김해공원묘원",83,
"묘지","꽃빛공원(와동공설공원묘지)",68.3,
"묘지","천주교나주성당공원묘지",1,
"묘지","낙원공원묘원",100,
"묘지","(재)낙원추모공원",190,
"묘지","남산리공설묘지",3,
"묘지","남상공설공원묘지",30,
"묘지","화도공설묘지",2,
"묘지","수동공설묘지",2,
"묘지","남원읍공설묘지",5,
"묘지","남평읍공설묘지",1,
"묘지","남한강공원묘원",131.8,
"묘지","남해추모누리 공설종합묘원",86,
"묘지","내리공설묘지",6,
"묘지","내리교회묘지",0.4,
"묘지","넙성리공동묘지",3,
"묘지","다도면공설묘지",1,
"묘지","다시면공설묘지",1,
"묘지","답곡리 공설묘지",18.7,
"묘지","당산리공설묘지",3,
"묘지","대곡공설묘지",0.4,
"묘지","(재)대명공원묘원",110,
"묘지","대성공원묘원",269.5,
"묘지","대전추모공원(묘지)",44,
"묘지","대정공원묘원",51,
"묘지","대정읍공설묘지",5,
"묘지","대청리공설묘지",6,
"묘지","대호지공설묘지",69.4,
"묘지","덕성리공동묘지",3,
"묘지","영암군덕진공설묘지",9,
"묘지","덕하1리공설묘지",3,
"묘지","덕하2리공설묘지",3,
"묘지","도림공설묘지",0.4,
"묘지","도장리공설묘지",3,
"묘지","동강면공설묘지",1,
"묘지","동검리공설묘지",3,
"묘지","동부공설묘지",15,
"묘지","(재)동산공원묘원",90,
"묘지","(재)평화공원",75,
"묘지","동화경모공원(묘지)",133.3,
"묘지","두운리공동묘지",3,
"묘지","창원공원묘원(묘지)",150,
"묘지","말도공설묘지",3,
"묘지","망월리공설묘지",3,
"묘지","매음리공설묘지",3,
"묘지","모도리공설묘지",6,
"묘지","모란공원(묘지)",43.1,
"묘지","무궁화공원묘원",34.8,
"묘지","무장고라공설묘지",9,
"묘지","문평면공설묘지",1,
"묘지","문형리공설묘지",6,
"묘지","물미묘원",54,
"묘지","반남면공설묘지",1,
"묘지","백란공원묘원",160,
"묘지","백운공원묘원(제1묘지)",48,
"묘지","백운공원묘원(제2묘지)",48,
"묘지","볼음공설묘지",3,
"묘지","봉소리공설묘지",3,
"묘지","봉황면공설묘지",1,
"묘지","부근리공설묘지",3,
"묘지","부안수동공설묘지",9,
"묘지","부안용산공설묘지",9,
"묘지","부활동산종교재단법인",1,
"묘지","북면공설묘지",20.5,
"묘지","북상공설공원묘지",30,
"묘지","북성리공설묘지",3,
"묘지","북양공설공원묘지",8,
"묘지","사곡동공설묘지",5,
"묘지","사기리공설묘지",3,
"묘지","사천시공설묘지",3,
"묘지","산포면공설묘지",1,
"묘지","삼거리공설묘지",3,
"묘지","(재)삼덕공원묘원",125,
"묘지","삼동암공동묘지",3,
"묘지","삼성개발공원묘원(묘지)",61,
"묘지","삼성리공동묘지",3,
"묘지","삼척시 추모공원 묘지1.2단지",70.6,
"묘지","삼흥리공설묘지",3,
"묘지","상면공설묘지",20.5,
"묘지","상신공원묘지",8,
"묘지","상용리공설묘지",3,
"묘지","색달동공설묘지",10,
"묘지","서검리공설묘지",3,
"묘지","서라벌공원묘원",25.1,NaN
"묘지","서부공설묘지",20,
"묘지","(재)서울공원묘원",0.1,0
"묘지","석계공원묘원",135,
"묘지","석모리공설묘지",3,
"묘지","석문공설묘지",59.1,
"묘지","석포리공설묘지",3,
"묘지","선두리공설묘지",3,
"묘지","선재리공설묘지",6,
"묘지","설악면공설묘지",20.5,
"묘지","성북동공설묘지",1,
"묘지","성산읍공설묘지",5,
"묘지","성석동공설묘지",4.2,
"묘지","함양하늘공원(묘지)",309,
"묘지","세지면공설묘지",1,
"묘지","속초공원묘지",333,
"묘지","솔뫼공설묘지",59.2,
"묘지","송월동공설묘지",1,
"묘지","송월교회묘지",97,
"묘지","송전공설묘지",20,
"묘지","송탄공설묘지",44.2,
"묘지","황산병온공설묘지",9,
"묘지","수산공설묘지",0.4,
"묘지","숭뢰리공설묘지",3,
"묘지","(재)시안 가족추모공원(매장묘)",15.7,46.1
"묘지","신도리공설묘지",6,
"묘지","신림덕화공설묘지",9,
"묘지","신불산공원묘원",98,
"묘지","신삼리공설묘지",3,
"묘지","신서면공설묘지",1.5,
"묘지","재단법인 신세계공원묘원",1.3,NaN
"묘지","신월리공설묘지",6,
"묘지","신정리공설묘지",3,
"묘지","신현리공동묘지",3,
"묘지","재)실로암공원묘원",216,
"묘지","아산주진공설묘지",9,
"묘지","아차공설묘지",3,
"묘지","안덕면공설묘지",5,
"묘지","안중공설묘지",44.2,
"묘지","안흥동공설묘지",13.2,
"묘지","애월읍공설묘지",20,
"묘지","애향묘지",12.1,
"묘지","양구군공설묘지",45.2,
"묘지","양평군공설공원묘지",29.5,
"묘지","어승생공설묘지",20,
"묘지","여수시공설묘지공원",67.5,
"묘지","세종시공설묘지",9,
"묘지","연천읍공설묘지",1.5,
"묘지","영강동공설묘지",1,
"묘지","삼계공설묘지",0.2,
"묘지","영동공원묘원",168.3,
"묘지","부산영락공원묘지",45,
"묘지","영락공원묘원",33.5,
"묘지","영산동공설묘지",1,
"묘지","영종공설묘지",0.4,
"묘지","예래원(묘지)",93.7,
"묘지","예산군추모공원",145.9,
"묘지","오산시공설공원묘지",4.5,
"묘지","오창장미공원",63.1,
"묘지","옥계공설묘지",2.4,
"묘지","완도군추모공원",27.5,
"묘지","완주군공설공원묘지",68.4,
"묘지","왕곡면공설묘지",1,
"묘지","왕길공설묘지",0.4,
"묘지","왕길조성묘지",1.5,
"묘지","용담송풍망향의공설묘지",6,
"묘지","용미리제1묘지",2.8,
"묘지","용미리제2묘지",2.8,
"묘지","(재)용인공원(묘지)",160,
"묘지","우도면공설묘지",20,
"묘지","운경공원묘원",132,
"묘지","재단법인울산공원묘원",430,
"묘지","웅양공설공원묘지",30,
"묘지","(재)원주공원묘원",150,
"묘지","월평공설공원묘지",30,
"묘지","유달공원묘지",0.1,
"묘지","의령군공설묘지",30,
"묘지","낙원공원 의정부묘원",73.7,
"묘지","이작리공설묘지",6,
"묘지","이창동공설묘지",1,
"묘지","이천시대월공설공원묘지",20,
"묘지","이천시백사공설공원묘지",20,
"묘지","이천시설성공설공원묘지",20,
"묘지","이천시장호원공설공원묘지",20,
"묘지","(재)이화공원묘원",70,
"묘지","인제종합장묘센터 하늘공원",187.5,
"묘지","인천가족공원 묘지",4,
"묘지","인화리공설묘지",3,
"묘지","자월리공설묘지",6,
"묘지","장봉리공설묘지",6,
"묘지","장수공설묘지",0.4,
"묘지","전곡읍공설묘지",1.5,
"묘지","정왕공설묘지",4.5,
"묘지","정읍시입암묘지공원",34.4,
"묘지","정주동산",61.3,
"묘지","조양공원",25.3,
"묘지","조천읍공설묘지",20,
"묘지","주안공설묘지",0.4,
"묘지","울진군공설묘지",2.5,
"묘지","지석리공설묘지",3,
"묘지","진달래공원묘원",90,
"묘지","진리공설묘지",6,
"묘지","진천군공설묘지",30.4,
"묘지","진촌리공설묘지",6,
"묘지","창리공설묘지",3,
"묘지","(재)천안공원묘원(묘지)",33.3,
"묘지","천자봉공원묘원",89,
"묘지","(재)천주교세종로묘원",90,
"묘지","천주교용인공원묘원",60,
"묘지","천주교부산교구 하늘공원",4,
"묘지","천주교효천공원묘지",52.2,
"묘지","천주교성환공원묘지",95.8,
"묘지","천주교안성추모공원(묘원)",890,
"묘지","안양시청계공설묘지",4.2,
"묘지","청구공원",100,
"묘지","청북공설묘지",44.2,
"묘지","청솔공원",250.6,
"묘지","청양군추모공원(묘지)",85,
"묘지","청주시목련공원묘지",204.2,
"묘지","청평면공설묘지",20.5,
"묘지","초지리공설묘지",3,
"묘지","춘천안식공원(묘지)",443.4,
"묘지","재단법인 춘천공원묘원",1.6,
"묘지","충주시공설묘지",35,
"묘지","충주공원묘원",38.5,
"묘지","충해공원묘지",40,
"묘지","충효공원묘원",150,
"묘지","칠량자연공원묘원",80,
"묘지","가톨릭 군위공원묘원",200,
"묘지","(재)자하연분당(묘지)",164.2,
"묘지","평창군 공설묘원",61.1,
"묘지","서귀포시 표선면 공설묘지",5,
"묘지","(재)풍산공원묘원",3.2,NaN
"묘지","하늘공원(부곡동공설공원묘지)",25.3,
"묘지","하도리공설묘지",3,
"묘지","하면공설묘지",20.5,
"묘지","(재)학명묘원",80,
"묘지","해방교회공원묘원",105,
"묘지","현대공원1묘원",110,
"묘지","현대공원2묘원",110,
"묘지","홍천군공설묘원",112.5,
"묘지","화교화원",0.1,
"묘지","황청리공설묘지",3,
"묘지","횡성군공설추모공원(묘지)",36.1,
"묘지","전주효자공원",14,
"묘지","천주교나자렛묘원",75.5,
"묘지","남부권공설묘지",152.4,
"묘지","선부동 공설묘지",16.1,
"묘지","운연 공설묘지",0.4,
"묘지","정선하늘공원",52.3,
"묘지","천주교평내공원묘원",100,
"묘지","연평리공설묘지",6,
"묘지","진안군 후방산 공설묘지",6,
"묘지","재림공원묘원",125,
"묘지","천도교 무봉공원",100,
"묘지","천주교천보묘원(매장)",142,
"묘지","천주교 혜화동성당 포천묘원",50.4,
"묘지","재단법인 솥발산공원묘원",140,
"묘지","별그리다(THE HILL)",756.3,
"묘지","(재)경춘공원묘원",50.9,
"묘지","재단법인선산공원묘원",145.2,NaN
"묘지","(재)개나리추모공원",89.5,
"묘지","(재)광주대교구 담양천주교공원묘원",400,700
"묘지","천주교 중림동성당묘원",100,
"묘지","강릉공원묘원(묘지)",50.9,
"묘지","(재)호정공원(묘지)",0.5,
"묘지","고성군 공설묘원",117,
"묘지","천주교 청량리다볼산묘지",175.5,
"봉안시설","함양군구룡공설공원묘지 봉안묘",13.8,
"봉안시설","(재)평화원",20.3,
"봉안시설","(재)효원가족공원",349.5,
"봉안시설","매화원",20,
"봉안시설","갑향군립묘원(봉안)",56,
"봉안시설","경주시공설봉안당",4.8,
"봉안시설","고성군공설봉안당",20,
"봉안시설","고성군추모의집",52,
"봉안시설","고창군추모의집",10,
"봉안시설","군산시공설추모관",10,
"봉안시설","금릉 제1봉안당",513.4,
"봉안시설","인천가족공원 금마총",25,
"봉안시설","금산군공설봉안당",3.8,
"봉안시설","금오영당",69.7,
"봉안시설","남원시승화당",15,
"봉안시설","남한강공원묘원(봉안)",131.8,
"봉안시설","영모묘원 대원전",372.5,
"봉안시설","대전추모공원(봉안)",44,
"봉안시설","대호지공설묘지(가족봉안묘)",0.1,
"봉안시설","동해시매화당",28.5,
"봉안시설","하남시 마루공원(봉안시설)",67.5,97.5
"봉안시설","창원공원묘원 봉안시설",220,
"봉안시설","메모리얼펠리스추모관(실로암)",1.3,
"봉안시설","무주추모의집(봉안)",27.5,
"봉안시설","보령시모란공원 봉안당",693.3,334
"봉안시설","삼척시 추모공원 봉안당",36.5,
"봉안시설","서귀포추모공원",7.5,
"봉안시설","서대문구추모의집",15,40
"봉안시설","서산시 희망공원(봉안시설)",3,
"봉안시설","(재)서호추모공원",1200,NaN
"봉안시설","석문공설묘지(가족봉안묘)",339.9,
"봉안시설","속초시추모의집",32.7,49
"봉안시설","솔뫼공설묘지(가족봉안묘)",543.6,
"봉안시설","수원시연화장 추모의집",125,
"봉안시설","춘천안식공원(안식의집)",0.1,0
"봉안시설","신세계공원묘원",55,
"봉안시설","쌍용사 봉안당",371.4,
"봉안시설","안동하늘공원",60,100
"봉안시설","진주안락공원 추모당",60,
"봉안시설","남해추모누리 안락원",32,
"봉안시설","양지공원제1추모의집",15,
"봉안시설","양지공원제2추모의집",15,
"봉안시설","에덴추모공원",317.9,565.6
"봉안시설","여수시제1봉안당",23,
"봉안시설","지장정사 연화대",55,
"봉안시설","부산영락공원 봉안당",7.5,
"봉안시설","천안추모공원 봉안당",36.3,40
"봉안시설","영명각(서천군 공설봉안당)",15,
"봉안시설","창원시립마산영생원",39,
"봉안시설","청솔공원 영생의집",40.1,
"봉안시설","(재)영호공원",269.4,
"봉안시설","예래원(봉안시설)",NaN,950
"봉안시설","예산군추모의집 제1관",18.3,50
"봉안시설","예원추모관",447.5,
"봉안시설","동대문구추모의집",32.5,65
"봉안시설","오룡군립묘원(봉안)",56,
"봉안시설","장미원",20,
"봉안시설","용미리건물식추모의집",12.1,
"봉안시설","용미리벽식추모의집",12.1,
"봉안시설","용미리분묘형추모의집",12.1,
"봉안시설","용미리왕릉벽식추모의집",12.1,
"봉안시설","은하수공원 달님의집(봉안당)",57.3,90.7
"봉안시설","의령군납골당",30,
"봉안시설","이천시립추모의집(봉안)",43.8,75
"봉안시설","장성군추모공원",30,
"봉안시설","전주효자공원봉안당",NaN,45
"봉안시설","정명각",6.6,
"봉안시설","서울시립승화원 추모의집",12.1,
"봉안시설","조양공원납골당",55,
"봉안시설","진천군추모의집",53.5,
"봉안시설","창원시립진해천자원",11.3,
"봉안시설","청구공원납골당",50,
"봉안시설","청양군추모공원(봉안당)",10,
"봉안시설","청주시목련원 제1목련당",30,50
"봉안시설","부산추모공원",26.1,181.4
"봉안시설","익산시추모의집",20,
"봉안시설","인천가족공원 추모의집",25,
"봉안시설","세종시추모의집",15.2,
"봉안시설","칠곡군공설봉안당",0.6,
"봉안시설","태백시추모관",35.7,75
"봉안시설","통영시공설봉안당",16.5,
"봉안시설","평창군공설묘지 봉안당",16.6,
"봉안시설","평택시립추모관",65.9,59.3
"봉안시설","표선면봉안당",2,
"봉안시설","천주교하늘공원 봉안당",193,168
"봉안시설","경춘공원묘원",1713.6,450
"봉안시설","홍성추모공원봉안당",24,NaN
"봉안시설","홍천군공설묘원 봉안당",71.3,60
"봉안시설","화성시추모공원(비봉)",57.5,86.3
"봉안시설","화천공설봉안당",25,
"봉안시설","횡성공설추모공원(봉안시설)",15,
"봉안시설","효심추모관",135,120
"봉안시설","장례문화사업소 하늘누리 제1추모원",32.5,
"봉안시설","울릉군 추모공원",19.5,
"봉안시설","장례문화사업소 하늘누리 제2추모원",32.5,
"봉안시설","경주하늘마루봉안당",100,165
"봉안시설","용인평온의숲(평온마루 봉안당)",43.8,50
"봉안시설","양주추모공원",562.5,
"봉안시설","(재)천주교유지재단금상동성당하늘자리",98.9,
"봉안시설","약사사지장전추모관",5,
"봉안시설","하늘의문(천주교 신곡2동성당)",,100
"봉안시설","대한불교관음종불문사",46.5,
"봉안시설","동두천시안흥동공설봉안시설",0.7,
"봉안시설","관음사추모관",115,230
"봉안시설","경신하늘뜰공원봉안당",75,75
"봉안시설","속초시공설봉안묘",101.3,146.3
"봉안시설","금화추모관",0.1,
"봉안시설","서남권추모공원봉안당",49.2,112
"봉안시설","여주추모공원 봉안담",53.3,80
"봉안시설","사천시 누리원(봉안시설)",44.7,120
"봉안시설","중앙추모공원(봉안시설)",550,1100
"봉안시설","법지사",10,250
"봉안시설","일산푸른솔추모공원",340,680
"봉안시설","재단법인북한강공원",187.9,
"봉안시설","봉선사봉안당",650,
"봉안시설","함안군공설봉안당",40,
"봉안시설","용화사 봉안당",250,
"봉안시설","양산 석굴암 극락전 추모관",450,771.4
"봉안시설","아름다운추모원",413.8,
"봉안시설","함양하늘공원(봉안시설)",148.7,
"봉안시설","분당스카이캐슬추모공원",420,3500
"봉안시설","(재)시안 가족추모공원(봉안)",830.2,3696
"봉안시설","논산시양지추모원",8.8,
"봉안시설","생극납골공원",1160,520
"봉안시설","생극추모공원",501.8,465.6
"봉안시설","예은추모공원",275,
"봉안시설","청풍추모공원",45,
"봉안시설","강동구추모의집",20,
"봉안시설","봉인사 청림공원(봉안당)",270,470
"봉안시설","청주백화추모관",180,360
"봉안시설","(재)서현공원",35,
"봉안시설","창원시립상복공원 제1봉안당",32.6,
"봉안시설","하늘원추모관",222.5,397.5
"봉안시설","가평군공설봉안묘(이곡리)",25,
"봉안시설","인천가족공원 만월당",25,
"봉안시설","정선하늘원",65,100
"봉안시설","가조공설공원묘지 봉안당",10,
"봉안시설","정토사 극락원",1470,NaN
"봉안시설","여주세종추모공원 봉안당",161,301.8
"봉안시설","강화파라다이스 강화지점",411.4,
"봉안시설","녹야원추모관",426.5,260
"봉안시설","일월사추모공원(봉안당)",75,
"봉안시설","울산하늘공원(봉안시설)",22,22
"봉안시설","해인사미타원",1446,700
"봉안시설","대한불교선각종정향사",130,
"봉안시설","삼성개발공원묘원(봉안)",69.7,
"봉안시설","오향중흥교회 봉안시설 부활동산추모공원",681.4,
"봉안시설","(재)분당메모리얼파크",0,0.1
"봉안시설","원흥사 납골탑",400,
"봉안시설","모악추모공원",442.6,1359.6
"봉안시설","대한불교조계종신흥사",275,
"봉안시설","분당추모공원휴",921.1,
"봉안시설","자하연 일산(봉안)",0.1,0
"봉안시설","천안노블랜드하늘공원 봉안당",333.3,700
"봉안시설","연화추모공원",330,660
"봉안시설","정수사",170,330
"봉안시설","완도군추모공원봉안당",6,
"봉안시설","(재)화산추모공원(봉안)",658.6,
"봉안시설","(재) 용인추모원",2322.7,
"봉안시설","합천추모공원 봉안당",175,275
"봉안시설","광릉추모공원(봉안시설)",88.3,
"봉안시설","도성사 봉안당",343.2,840.5
"봉안시설","자하연 포천(봉안)",1750,
"봉안시설","순천시립추모공원 1봉안당",39,
"봉안시설","포천천주교평화묘원 봉안담",275,
"봉안시설","천국의계단추모관(재단법인천국)",5,0.7
"봉안시설","만인산 만인사 봉안당",291.7,
"봉안시설","가톨릭군위묘원 봉안담",86.7,
"봉안시설","가톨릭군위묘원 성모의정원",550,NaN
"봉안시설","양평기독교추모공원",157.9,284.6
"봉안시설","인천가족공원 평온당",95,
"봉안시설","학천사추모관",96.7,176.7
"봉안시설","하늘공원(부곡동공설공원묘지)",55.1,83.4
"봉안시설","성북구추모의집",53.5,
"봉안시설","노들하늘공원(동작구추모의집)",80,
"봉안시설","도봉구추모의집",80,
"봉안시설","광진구추모의집",80,
"봉안시설","별그리다(THE WALL)",1505,NaN
"봉안시설","성동구추모의집",80,
"봉안시설","중구추모의집",80,
"봉안시설","종로구추모의집",80,
"봉안시설","천주교용인공원묘원(봉안)",45,90
"봉안시설","구미시공설숭조당 제1관",NaN,70
"봉안시설","대한불교조계종 대관음사",483.3,
"봉안시설","재단법인조안공원양주지사",825,
"봉안시설","재단법인 세심사하늘공원",249.2,498.3
"봉안시설","보현정사",300,
"봉안시설","강촌추모원",116.7,500
"봉안시설","만불사",200,
"봉안시설","대원사 추모공원",143.8,
"봉안시설","목포추모관 휴",511.9,
"봉안시설","에덴추모원",150,
"봉안시설","흥창사",450,
"봉안시설","청련사 극락원",700,1394.4
"봉안시설","효자추모관",50,
"봉안시설","영광사불지원",50,100
"봉안시설","팔공산도림사추모공원",639.2,
"봉안시설","(재)대전교구천주교유지재단산내묘원",250,
"봉안시설","(재)대전교구천주교회유지재단성환묘원",350,
"봉안시설","봉은사 봉안당",540,100
"봉안시설","광천사 봉안당",316.7,600
"봉안시설","상상추모공원",71.1,
"봉안시설","(재)용인공원(봉안담·묘)",396.5,5
"봉안시설","보현사 납골공원",2033.3,200
"봉안시설","(재)성산공원",262.5,1000
"봉안시설","태황사 봉안당",200,
"봉안시설","대한불교태화종약사사하늘재추모원",211.4,462
"봉안시설","용광사",30,300
"봉안시설","성림사 연화납골당(봉안당)",250,
"봉안시설","만월사",252.5,8
"봉안시설","전주추모관",250,
"봉안시설","(재)영봉추모공원",280,
"봉안시설","한국불교태고종 일불사 봉안당",250.8,766.7
"봉안시설","경남영묘원",0.1,
"봉안시설","크리스찬메모리얼파크",216.7,
"봉안시설","천주사 영탑공원",94,
"봉안시설","재단법인 에덴낙원",528,
"봉안시설","모란공원(봉안)",180,
"봉안시설","대한불교조계종 대원사",300.9,
"봉안시설","대선불교조계종 삼광사 봉안당",62.5,
"봉안시설","존제산 일월사 설법전",275,
"봉안시설","합천군공설봉안담",35,
"봉안시설","춘천안식공원(봉안묘)",0.1,
"봉안시설","대한불교조계종천룡사",300,
"봉안시설","(재)한국SGI이천평화공원",46.5,239
"봉안시설","한국불교태고종 극락사 안양원",411.3,
"봉안시설","그린피아추모공원",400.5,820.5
"봉안시설","(재)법화세계추모관",600,
"봉안시설","세계불교법왕청",400,
"봉안시설","대한불교 조계종 보륜사 봉안당",200,
"봉안시설","사단법인민족불교해동조계종",180,
"봉안시설","대한불교관음회조계종 백천사",671.6,1328.6
"봉안시설","아산시공설봉안당",65,100
"봉안시설","용학사",250,450
"봉안시설","대한불교정음사원",223.3,30
"봉안시설","봉인사 청림공원(봉안탑)",1871.4,
"봉안시설","(재)만어추모공원 봉안당",140,275
"봉안시설","상락향 극락전",202.5,
"봉안시설","상락향 봉안탑",300,
"봉안시설","화엄사",469.7,
"봉안시설","자임추모공원",560,
"봉안시설","흑석동성당 평화의쉼터",562.5,
"봉안시설","(재)밀양추모공원묘원",225,
"봉안시설","봉안당 홈",1715.7,
"봉안시설","성모암영락원",141.7,500
"봉안시설","약천사",755,
"봉안시설","약천추모공원",78.3,
"봉안시설","천주교안동교구봉안경당",545,755.3
"봉안시설","면류관교회",196.3,392.7
"봉안시설","용주사 봉안당",175,
"봉안시설","하늘소망추모관",322.2,
"봉안시설","예수사랑제일교회",675.5,
"봉안시설","재단법인 미륵불교 봉안당",10,
"봉안시설","전통사찰95호 동도사",731.3,
"봉안시설","대한불교조계종관음사",525,1050
"봉안시설","동천교회 묘지",131.3,
"봉안시설","가연추모관",400,
"봉안시설","재단법인불교안양원",404.4,
"봉안시설","(재)지평선전북공원묘원",108.3,
"봉안시설","아산추모공원 휴온 봉안당",505,766.7
"봉안시설","영평사 추모공원",510,1020
"봉안시설","(재)평화공원 파라다이스 추모관",803.2,
"봉안시설","갑곶순교성지 천국의 문",550,
"봉안시설","(재)용인공원(아너스톤)",1556.5,26
"봉안시설","인천가족공원 별빛당",95,
"봉안시설","한국불교조계종 삼봉사 봉안당",761.5,
"봉안시설","김천추모공원",222.2,
"봉안시설","무궁화추모공원",564.2,855.9
"봉안시설","증평군 추모의 집",20,
"봉안시설","쌍용사 봉안탑",800,
"봉안시설","천주교안성추모공원(봉안)",352.1,
"봉안시설","정각사봉안당",875,
"봉안시설","석예정사",559.4,
"봉안시설","양평추모공원 더포레",468.8,
"봉안시설","하늘문",250,
"봉안시설","(재)한국SGI청도평화공원",46.5,239
"봉안시설","월봉사연화원",15,NaN
"봉안시설","삼우추모공원(삼우정사)",454.5,750
"봉안시설","봉안당에데나(낙원추모공원)",20,
"봉안시설","화성함백산추모공원(봉안)",NaN,112.5
"화장시설","고성군공설화장장",15.1,
"화장시설","포항시립구룡포화장장",8,
"화장시설","김천시화장장",12.9,
"화장시설","김해추모의공원",17.4,
"화장시설","남해추모누리 영화원",15.6,
"화장시설","동해삼척 공동화장장(승화원)",22.3,
"화장시설","창원시립마산화장장",18.5,
"화장시설","청주시목련공원",18.4,
"화장시설","문경예송원",20.5,
"화장시설","밀양시공설화장시설",25,
"화장시설","사천시 누리원(화장시설)",28.5,
"화장시설","상주시승천원",22.5,
"화장시설","속초시승화원",22.1,
"화장시설","순천시립 추모공원",16.9,
"화장시설","하늘내린도리안",22.5,
"화장시설","전주시승화원",18.7,
"화장시설","군산시승화원",21.1,
"화장시설","남원시승화원",21.6,
"화장시설","승화원(화장장)",14.9,
"화장시설","춘천안식원",26.3,
"화장시설","안동장사문화공원",36.7,
"화장시설","진주시안락공원",15,
"화장시설","양지공원",5.6,
"화장시설","부산영락공원",18.5,
"화장시설","광주영락공원",43.7,
"화장시설","성남시장례문화사업소",37.6,
"화장시설","광양시화장장",19.8,
"화장시설","영주시화장장",14.3,
"화장시설","포항시우현화장장",13.3,
"화장시설","울릉하늘섬공원",5,
"화장시설","원주추모공원 화장장",40,
"화장시설","은하수공원 해님의집(화장장)",31.7,
"화장시설","의성군공설화장장",30.4,
"화장시설","인천가족공원 화장시설",42.3,
"화장시설","정선하늘터",25.6,
"화장시설","대전시정수원",21.6,
"화장시설","익산시정수원",21.1,
"화장시설","제천시영원한쉼터",33.3,
"화장시설","통영시추모공원",24.5,
"화장시설","태백시화장장",37.1,
"화장시설","충주시시설관리공단",20.4,
"화장시설","홍성추모공원화장장",33.4,
"화장시설","천안추모공원",20.1,
"화장시설","창원시립상복공원",18.5,
"화장시설","경주하늘마루",26.4,
"화장시설","용인 평온의 숲(나래원)",24.9,
"화장시설","울산하늘공원",21.4,
"화장시설","공주나래원",33.8,
"화장시설","솔향하늘길",22.3,
"화장시설","서남권추모공원",17.1,
"화장시설","구미시추모공원",20.6,
"화장시설","함안하늘공원(화장시설)",18.3,
"화장시설","울진군립추모원",14.8,
"화장시설","남도광역추모공원",13.2,
"자연장지","서귀포추모공원 자연장지",15,
"자연장지","수원시연화장 자연장지",85,
"자연장지","신월공설자연장지",37.5,
"자연장지","양구군공설자연장지",26.2,
"자연장지","서울시립자연장시설",25,
"자연장지","영락공원청마루동산",34.8,
"자연장지","웅양공설공원묘지",50,
"자연장지","의왕하늘쉼터(자연장)",106.7,116
"자연장지","인천가족공원 자연장",80,
"자연장지","춘천안식공원 잔디장",0.1,
"자연장지","전주효자자연장",NaN,60
"자연장지","중대공원자연장지",37.5,
"자연장지","국립하늘숲추모원",149.4,
"자연장지","화천공설자연장지",8.6,
"자연장지","청주시목련공원자연장",39,78
"자연장지","무주추모의집(자연장)",82.5,
"자연장지","은하수공원 자연장지",98.9,68
"자연장지","서남권추모공원자연장지",56,
"자연장지","여수시공설자연장지(잔디형)",40,
"자연장지","와동 꽃빛공원 자연장지",55.8,110.1
"자연장지","중앙추모공원",250,1416.7
"자연장지","용인 평온의 숲(예정원)",62.5,90
"자연장지","익산시공설자연장지",35,
"자연장지","사천시 누리원(자연장지)",53.8,
"자연장지","용인로뎀파크",102,210.3
"자연장지","(재)용인공원(자연장)",349,
"자연장지","(재)효원가족공원 자연장지",130,
"자연장지","(재)서호추모공원 자연장지",1333.3,600
"자연장지","하늘소풍수목장(호산나교회)",825,900
"자연장지","천봉사 자연장지",0.2,
"자연장지","정안수목장",500,1040
"자연장지","아미타원자연장지",400,
"자연장지","천탑사수목장(그린피아)",475,450
"자연장지","함안하늘공원(자연장지)",53.8,
"자연장지","연평리공설묘지 자연장지",6,
"자연장지","이작리공설묘지 자연장지",6,
"자연장지","선재리공설묘지 자연장지",6,
"자연장지","장봉리공설묘지 자연장지",6,
"자연장지","남원시추모공원(자연장지)",2,
"자연장지","늘푸른수목장",NaN,400
"자연장지","분당추모공원휴(자연장)",0.2,
"자연장지","정왕공설자연장지",30,60
"자연장지","서산시 희망공원(자연장지)",45,60
"자연장지","대전추모공원(자연장)",123.8,
"자연장지","함양하늘공원(자연장지)",150,
"자연장지","공주나래원자연장",80,
"자연장지","구례군 공설자연장지",30,
"자연장지","일월사추모공원(자연장지)",75,
"자연장지","에버그린수목장",216.7,1580
"자연장지","울산하늘공원(자연장지)",90,
"자연장지","백양사수목장",150,400
"자연장지","유토피아수목장",500,750
"자연장지","신불산 추모공원 수목장",200,NaN
"자연장지","예래원(자연장지)",105,
"자연장지","광릉추모공원(자연장지)",96,
"자연장지","별그리다(별의숲)",118,
"자연장지","대한불교조계종 남지장사",300,
"자연장지","대한예수교장로회효자추모관부설수목장림",253.1,750
"자연장지","(재)용인추모원 자연장지",110,400
"자연장지","대한예수교장로회서울신흥교회 하늘동산",20.8,8
"자연장지","여주세종추모공원 자연장",266.7,500
"자연장지","장수암",300,
"자연장지","자연으로추모정원",230,
"자연장지","화성하늘공원수목장림",300,433.3
"자연장지","약천사",180,
"자연장지","대원사 추모공원",400,700
"자연장지","대한불교조계종은해사",200,
"자연장지","불광사양지수목장",168.3,255
"자연장지","자연숲추모공원 수목장림",481.8,383.3
"자연장지","월곳리 공설자연장지",112.5,
"자연장지","영모묘원 자연장지",150,
"자연장지","에덴의정원 수목장",500,800
"자연장지","재단법인 지평선전북공원묘원",192.5,
"자연장지","자연애숲(다니엘교회)",610,425
"자연장지","하늘동산수목장",880,300
"자연장지","쌍계사장례문화원",1240,
"자연장지","일산공감수목장(봉화사)",600,1000
"자연장지","경주하늘수목장림",264.8,
"자연장지","신광사수목장",50,
"자연장지","늘푸른수목장 (청광사)",150,450
"자연장지","목자은혜교회 자연장",200,
"자연장지","대한불교조계종 계승사 극락원",88.6,
"자연장지","천주교 태안교회 공원묘지",200,
